candidate_name,layers,k,known_route,trace_count,top_k,layer_index,reverse_tail_priority,bi_prune_priority,normalized_delta_nll,topk_union_jsd,late_jsd_spike,late_entropy_spike,entropy_monotonicity_violation,math_token_delta_nll,answer_token_delta_nll,overconfidence_collapse,rtd,smoke_rtd,calibration_rtd,holdout_rtd,gsm8k_retention,xsum_retention,risky_gsm8k_lt_0_60,score_file
bi_2,"23,24",2,,300,100,,,,224.93132752442372,0.05211531092014146,0.23388309374030664,0.7125530969401007,0.19176572353564691,226.2341735988472,21.13381068448045,0.7135325910508126,75.587320363801,,77.09752496554924,72.56691116030453,,,,/root/hs/paper2_layer_pruning/results/day12_rtp_gate/rtd_scores/bi_2.json
bi_3,"2,23,24",3,,300,100,,,,293.18318041673365,0.07737133015051578,0.36833301514340916,1.2570013548868566,0.24945728096219588,438.907745353201,90.66635988394056,1.4336660952515028,113.28175209347447,,116.4826740323152,106.87990821579284,,,,/root/hs/paper2_layer_pruning/results/day12_rtp_gate/rtd_scores/bi_3.json
bi_5,"2,20,21,23,24",5,,300,100,,,,2267.2886791074366,0.19206908104628764,0.6119309567085695,2.5036582266379925,0.416840379030525,3425.1919643623833,1298.0152623929762,2.0358258408849257,906.3633179291259,,896.2063451215113,926.6772635443583,,,,/root/hs/paper2_layer_pruning/results/day12_rtp_gate/rtd_scores/bi_5.json
bi_6,"2,11,20,21,23,24",6,,300,100,,,,2923.6252539030615,0.24238169160232284,0.6306191329723236,3.2059010499952874,0.5267090560859795,4317.414295757643,1398.1268571441772,2.070200772542007,1146.9603856620292,,1146.1544006101478,1148.5723557657898,,,,/root/hs/paper2_layer_pruning/results/day12_rtp_gate/rtd_scores/bi_6.json
iterative_proxy_k2,"24,25",2,,300,100,,,,1477.4222657055059,0.09275558967066434,0.43540875112693783,0.9934626370518691,0.23900076392860886,1022.086215478482,119.96948776411546,1.4871276475408743,457.43534994952313,,459.7400198969988,452.8260100545711,,,,/root/hs/paper2_layer_pruning/results/day12_rtp_gate/rtd_scores/iterative_proxy_k2.json
iterative_proxy_k3,"1,24,25",3,,300,100,,,,1347.9142541378021,0.09778146603805833,0.45948782582373715,1.0426594832539409,0.2430815111823624,941.2812488755642,149.05347843869995,1.5113311590247598,420.0614215241584,,421.0046244414964,418.17501568948245,,,,/root/hs/paper2_layer_pruning/results/day12_rtp_gate/rtd_scores/iterative_proxy_k3.json
iterative_proxy_k5,"1,21,22,24,25",5,,300,100,,,,3475.015760434382,0.1761074071222495,0.6302369839484887,1.4681993406923493,0.32504078085953786,3092.8529020496367,618.9378635284421,2.2541977752616535,1147.5982022200626,,1129.5208872613546,1183.752832137479,,,,/root/hs/paper2_layer_pruning/results/day12_rtp_gate/rtd_scores/iterative_proxy_k5.json
iterative_proxy_k6,"1,21,22,23,24,25",6,,300,100,,,,25595.335759089827,0.42730556098139894,0.6930390836678259,3.9029132945042178,0.5960285388782267,46524.54557943078,26939.9435673901,2.7693206778993726,11468.731448035136,,11637.303320819161,11131.587702467083,,,,/root/hs/paper2_layer_pruning/results/day12_rtp_gate/rtd_scores/iterative_proxy_k6.json
reverse_2,"24,25",2,,300,100,,,,1477.4222657055059,0.09275558967066434,0.43540875112693783,0.9934626370518691,0.23900076392860886,1022.086215478482,119.96948776411546,1.4871276475408743,457.43534994952313,,459.7400198969988,452.8260100545711,,,,/root/hs/paper2_layer_pruning/results/day12_rtp_gate/rtd_scores/reverse_2.json
reverse_3,"23,24,25",3,,300,100,,,,6082.704594735867,0.20549975283212701,0.6229611799549664,2.3805971823575436,0.44913475970200667,10723.142684486309,2494.368092349993,1.8880717622734975,2503.8539281166904,,2552.3509571271406,2406.8598700957887,,,,/root/hs/paper2_layer_pruning/results/day12_rtp_gate/rtd_scores/reverse_3.json
reverse_5,"21,22,23,24,25",5,,300,100,,,,28497.785782109026,0.43914724322425486,0.6931200319646149,3.9974541872068396,0.6059046681384492,51978.79368467832,28513.06247890079,2.81383290815274,12709.358840666362,,12867.49304175585,12393.090438487385,,,,/root/hs/paper2_layer_pruning/results/day12_rtp_gate/rtd_scores/reverse_5.json
reverse_6,"20,21,22,23,24,25",6,,300,100,,,,36250.98149028064,0.49027236799041146,0.693144325695968,3.994333221283054,0.5844847082401959,67768.82458423858,34037.1260441936,2.8851484640429925,16187.072866586599,,16400.87155718607,15759.475485387651,,,,/root/hs/paper2_layer_pruning/results/day12_rtp_gate/rtd_scores/reverse_6.json
rtp_gate_pure_drop_0,0,1,,300,100,0,0,0,657.3287685877649,0.07667263093949193,0.37988847187536884,1.351327458932815,0.26162611623110993,1354.4293645572968,1060.809746101112,1.646850525644745,326.09254871242007,,322.13201987494244,334.0136063873759,,,,/root/hs/paper2_layer_pruning/results/day12_rtp_gate/rtd_scores/rtp_gate_pure_drop_0.json
rtp_gate_pure_drop_0_1,"0,1",2,,300,100,,,,4642.120521033204,0.3087538287826469,0.6631932276138554,3.6254014678459634,0.5592614914124687,8689.279554315339,9673.76488765244,1.1968951895622029,2340.163405836371,,2369.287871433121,2281.9144746428756,,,,/root/hs/paper2_layer_pruning/results/day12_rtp_gate/rtd_scores/rtp_gate_pure_drop_0_1.json
rtp_gate_pure_drop_0_1_24,"0,1,24",3,,300,100,,,,4898.088137464114,0.34673460149758983,0.6623416216128163,4.487924709432391,0.6314263263187406,8335.108964989664,9314.77156590784,1.1081197101608085,2358.0117494595565,,2389.5614658754457,2294.9123166277755,,,,/root/hs/paper2_layer_pruning/results/day12_rtp_gate/rtd_scores/rtp_gate_pure_drop_0_1_24.json
rtp_gate_pure_drop_0_1_9_19_24,"0,1,9,19,24",5,,300,100,,,,7029.655806695093,0.44056037466532405,0.6760216685698704,5.756288598668269,0.7512188465414219,10844.530958594958,11876.312369013798,0.4178106461595767,3219.9280285300865,,3256.2933982999198,3147.197288990422,,,,/root/hs/paper2_layer_pruning/results/day12_rtp_gate/rtd_scores/rtp_gate_pure_drop_0_1_9_19_24.json
rtp_gate_pure_drop_0_1_9_24,"0,1,9,24",4,,300,100,,,,5937.197746758151,0.3927869319470708,0.6713868108102834,4.824689134036196,0.6798100536119602,9971.502296463828,10379.256621832872,0.7751871213985766,2801.9765530279824,,2828.5204704096373,2748.8887182646718,,,,/root/hs/paper2_layer_pruning/results/day12_rtp_gate/rtd_scores/rtp_gate_pure_drop_0_1_9_24.json
rtp_gate_pure_drop_1,1,1,,300,100,1,1,0,1.3932916395035007,0.007673776867942394,0.03508709803802471,0.17783120012773232,0.1381841365426185,1.6075997144410297,1.2908512069089275,0.35169004146440674,0.6026784872505351,,0.5677944513765079,0.6724465589985907,,,,/root/hs/paper2_layer_pruning/results/day12_rtp_gate/rtd_scores/rtp_gate_pure_drop_1.json
rtp_gate_pure_drop_10,10,1,,300,100,10,10,0,18.278629191045894,0.019793259214731188,0.09640317671377745,0.5006312394395936,0.1706924975091237,30.12220849927525,7.297998319630069,0.48098200365848964,7.473760372663907,,8.39172312812811,5.637834861735504,,,,/root/hs/paper2_layer_pruning/results/day12_rtp_gate/rtd_scores/rtp_gate_pure_drop_10.json
rtp_gate_pure_drop_11,11,1,,300,100,11,11,2,32.596182467815574,0.022318788438834163,0.10351740291161672,0.5197098393495445,0.17455213389023722,54.71501650807082,1.9978091761972867,0.4847910960820159,12.760485721899895,,13.726647073102086,10.8281630194955,,,,/root/hs/paper2_layer_pruning/results/day12_rtp_gate/rtd_scores/rtp_gate_pure_drop_11.json
rtp_gate_pure_drop_12,12,1,,300,100,12,12,0,17.564132693575235,0.01951095953745671,0.108606622341936,0.33404324474387975,0.15660399597618846,32.076513643888894,3.046659776894488,0.7074041493404764,7.223353272100504,,7.937727452169995,5.7946049119615,,,,/root/hs/paper2_layer_pruning/results/day12_rtp_gate/rtd_scores/rtp_gate_pure_drop_12.json
rtp_gate_pure_drop_13,13,1,,300,100,13,13,0,36.84442995963745,0.027973423736656795,0.1543222171892242,0.6090294938291666,0.18668687838861764,62.52250759474346,10.243883871333496,0.5690503428992295,14.886070965535707,,14.923889174524518,14.810434547558053,,,,/root/hs/paper2_layer_pruning/results/day12_rtp_gate/rtd_scores/rtp_gate_pure_drop_13.json
rtp_gate_pure_drop_14,14,1,,300,100,14,14,0,37.628426551556274,0.021539129371133947,0.1230333355748652,0.36905740568484635,0.15150934599036392,80.74782244253963,4.844099158325152,0.6373537771702457,16.227473131370104,,15.742774869922211,17.196869654265896,,,,/root/hs/paper2_layer_pruning/results/day12_rtp_gate/rtd_scores/rtp_gate_pure_drop_14.json
rtp_gate_pure_drop_15,15,1,,300,100,15,15,0,57.83290547781648,0.02487492969550168,0.1139002320244369,0.5913499210617228,0.18481921530455236,132.24070324578963,8.987181350862052,0.4146572970798951,25.632174920382162,,24.781781977657534,27.332960805831444,,,,/root/hs/paper2_layer_pruning/results/day12_rtp_gate/rtd_scores/rtp_gate_pure_drop_15.json
rtp_gate_pure_drop_16,16,1,,300,100,16,16,0,164.32987177742248,0.024298949062405612,0.13033477459068302,0.4001520777403367,0.1551728115262416,414.81668225302667,31.265856281979154,0.5355003833083716,75.95197947386252,,72.81796418209402,82.22001005739969,,,,/root/hs/paper2_layer_pruning/results/day12_rtp_gate/rtd_scores/rtp_gate_pure_drop_16.json
rtp_gate_pure_drop_17,17,1,,300,100,17,17,0,74.74196485587578,0.019638120247749094,0.09732696391835166,0.4037265556888285,0.16590997918001174,175.1532533522021,4.7634163728581695,0.339328182031809,33.044779315572974,,32.231804920050166,34.67072810661854,,,,/root/hs/paper2_layer_pruning/results/day12_rtp_gate/rtd_scores/rtp_gate_pure_drop_17.json
rtp_gate_pure_drop_18,18,1,,300,100,18,18,1,290.57278068590784,0.02179573480474523,0.10166448204451708,0.38938877531984045,0.15828004657957176,735.8441883029012,9.751290274688557,0.3532367437784205,132.1058334447221,,128.06402609012395,140.18944815391845,,,,/root/hs/paper2_layer_pruning/results/day12_rtp_gate/rtd_scores/rtp_gate_pure_drop_18.json
rtp_gate_pure_drop_19,19,1,,300,100,19,19,0,41.233433744607304,0.015592155150990633,0.08008736685641618,0.36959014020833997,0.15878640530910018,101.69432836777456,6.283895993331415,0.5849684542129162,18.86763509792668,,16.977963720759824,22.646977852260385,,,,/root/hs/paper2_layer_pruning/results/day12_rtp_gate/rtd_scores/rtp_gate_pure_drop_19.json
rtp_gate_pure_drop_1_10,"1,10",2,,300,100,,,,37.578425923685124,0.03123561692132077,0.15726830540978404,0.669165927227664,0.18607051265269514,66.69365063137084,9.471868531721613,0.8606186507624138,15.386311301254255,,16.22839256660562,13.70214877055151,,,,/root/hs/paper2_layer_pruning/results/day12_rtp_gate/rtd_scores/rtp_gate_pure_drop_1_10.json
rtp_gate_pure_drop_1_10_24,"1,10,24",3,,300,100,,,,81.54000441426977,0.05175346709889415,0.23552121150609945,1.0203543706258575,0.22001123660031263,103.88592550860834,24.473603076013788,1.1021187069650265,30.18333813139306,,31.640196677912574,27.26962103835397,,,,/root/hs/paper2_layer_pruning/results/day12_rtp_gate/rtd_scores/rtp_gate_pure_drop_1_10_24.json
rtp_gate_pure_drop_1_11,"1,11",2,,300,100,,,,52.73850254480585,0.03239252918637583,0.15807489081384954,0.6452413765210955,0.1874865185795824,93.85098818979637,5.605895353118911,0.8693229586852281,21.15284912460029,,23.878955439576576,15.70063649464768,,,,/root/hs/paper2_layer_pruning/results/day12_rtp_gate/rtd_scores/rtp_gate_pure_drop_1_11.json
rtp_gate_pure_drop_1_11_24,"1,11,24",3,,300,100,,,,97.45409818422884,0.05261092206986725,0.24637260722305238,0.9931664367277214,0.2217469724320928,121.44037314632085,14.962604058902661,1.0793205247771938,35.08763294150751,,37.907729307673236,29.4474402091761,,,,/root/hs/paper2_layer_pruning/results/day12_rtp_gate/rtd_scores/rtp_gate_pure_drop_1_11_24.json
rtp_gate_pure_drop_1_12,"1,12",2,,300,100,,,,26.95671754786867,0.02734341967609862,0.14699942541734898,0.460331623595198,0.1691076080519368,47.44017830175149,9.109981104236088,1.1265086047454616,11.14788528420768,,12.454014909806128,8.535626033010768,,,,/root/hs/paper2_layer_pruning/results/day12_rtp_gate/rtd_scores/rtp_gate_pure_drop_1_12.json
rtp_gate_pure_drop_1_12_24,"1,12,24",3,,300,100,,,,65.16801250372812,0.04659441986370181,0.24007382349963668,0.8059234656534969,0.2023875069813901,75.6465502911298,15.98659340147567,1.2439497254127843,23.378340147959285,,24.22536495177774,21.68429054032238,,,,/root/hs/paper2_layer_pruning/results/day12_rtp_gate/rtd_scores/rtp_gate_pure_drop_1_12_24.json
rtp_gate_pure_drop_1_13,"1,13",2,,300,100,,,,64.50034612605036,0.03743123054529356,0.20301262648615398,0.7213775448912387,0.20097627335771978,122.25276596631947,20.510086882358504,1.078889184545378,27.139461494858438,,26.78416700078133,27.850050483012616,,,,/root/hs/paper2_layer_pruning/results/day12_rtp_gate/rtd_scores/rtp_gate_pure_drop_1_13.json
rtp_gate_pure_drop_1_13_24,"1,13,24",3,,300,100,,,,126.75961809030768,0.0586682585599324,0.2821845645419744,1.1303412551090581,0.24055427181577074,179.1806510458703,37.11040105326951,1.2410527680567218,48.1760133563023,,46.8917991418823,50.74444178514229,,,,/root/hs/paper2_layer_pruning/results/day12_rtp_gate/rtd_scores/rtp_gate_pure_drop_1_13_24.json
rtp_gate_pure_drop_1_14,"1,14",2,,300,100,,,,56.79136092542941,0.029589913409601768,0.16086511404588608,0.4756077224524363,0.16276205742127098,121.93857760931455,5.130854024728454,1.0258391845149226,24.36757602435014,,25.288715950710113,22.52529617163017,,,,/root/hs/paper2_layer_pruning/results/day12_rtp_gate/rtd_scores/rtp_gate_pure_drop_1_14.json
rtp_gate_pure_drop_1_14_24,"1,14,24",3,,300,100,,,,86.01014616245229,0.046854755102254696,0.2381996044447139,0.8146047965209632,0.1964607164333834,134.96332377071477,16.376688083710643,1.160570100425239,33.35086023817937,,34.307439369016684,31.437701976504727,,,,/root/hs/paper2_layer_pruning/results/day12_rtp_gate/rtd_scores/rtp_gate_pure_drop_1_14_24.json
rtp_gate_pure_drop_1_15,"1,15",2,,300,100,,,,92.46129310558622,0.03149029160756107,0.1529997082758112,0.7130792393948419,0.19802000385537005,207.21514673889322,18.608772279530772,0.8337163440667921,40.81170437827273,,38.353390353950445,45.72833242691736,,,,/root/hs/paper2_layer_pruning/results/day12_rtp_gate/rtd_scores/rtp_gate_pure_drop_1_15.json
rtp_gate_pure_drop_1_15_24,"1,15,24",3,,300,100,,,,151.27739222854623,0.05524993079699493,0.25310070122396466,1.2115016895310562,0.2440210757142647,271.014464210618,37.070014149159235,1.0175091136383434,61.648743719717665,,60.61218244240621,63.721866274340584,,,,/root/hs/paper2_layer_pruning/results/day12_rtp_gate/rtd_scores/rtp_gate_pure_drop_1_15_24.json
rtp_gate_pure_drop_1_16,"1,16",2,,300,100,,,,175.92212217532514,0.03129280147591198,0.15956790026361228,0.4836018910344338,0.16339668560371018,431.2467775792923,49.01269555286347,0.9570605683720682,81.0876377920735,,78.11061418832827,87.04168499956377,,,,/root/hs/paper2_layer_pruning/results/day12_rtp_gate/rtd_scores/rtp_gate_pure_drop_1_16.json
rtp_gate_pure_drop_1_16_24,"1,16,24",3,,300,100,,,,184.5154486210431,0.04814732585436174,0.2322198747216583,0.8320414310101168,0.1961741097605004,382.7109520224205,49.39587634981773,1.2021960102695877,79.45154310044569,,75.40156635311644,87.55149659510406,,,,/root/hs/paper2_layer_pruning/results/day12_rtp_gate/rtd_scores/rtp_gate_pure_drop_1_16_24.json
rtp_gate_pure_drop_1_17,"1,17",2,,300,100,,,,92.4526340347672,0.02627372017922016,0.13510349580357028,0.48970601388623985,0.17636765615230487,213.10124278263112,9.748019074204187,0.685038493998464,40.792147886473394,,40.63791388692668,41.100615885566846,,,,/root/hs/paper2_layer_pruning/results/day12_rtp_gate/rtd_scores/rtp_gate_pure_drop_1_17.json
rtp_gate_pure_drop_1_17_24,"1,17,24",3,,300,100,,,,142.21009183304,0.04667264764287711,0.22814168848587732,0.9027889649693608,0.21643555701229705,259.0842354927445,52.975942533097715,0.7618069422912992,59.15821543232133,,60.73243891091722,56.00976847512953,,,,/root/hs/paper2_layer_pruning/results/day12_rtp_gate/rtd_scores/rtp_gate_pure_drop_1_17_24.json
rtp_gate_pure_drop_1_18,"1,18",2,,300,100,,,,321.80820100100044,0.02867138164774928,0.14192357243915038,0.4794881527367476,0.16775921950089387,809.9260580516486,10.625405185581121,0.5693419215521861,145.9153273599462,,143.02509086925988,151.69580034131874,,,,/root/hs/paper2_layer_pruning/results/day12_rtp_gate/rtd_scores/rtp_gate_pure_drop_1_18.json
rtp_gate_pure_drop_1_18_24,"1,18,24",3,,300,100,,,,313.07039775559247,0.04741022923124376,0.23343096776140929,0.9146512348951439,0.20629267252587224,706.6753749515049,25.901518291485562,0.7397346169472588,136.3276701731835,,137.4246072790899,134.13379596137068,,,,/root/hs/paper2_layer_pruning/results/day12_rtp_gate/rtd_scores/rtp_gate_pure_drop_1_18_24.json
rtp_gate_pure_drop_1_19,"1,19",2,,300,100,,,,58.35931563385444,0.021632562751772295,0.10999226385101032,0.45108671605890216,0.16878734600683346,142.3054949659859,9.479132615765588,0.9542598751792337,26.591329974420418,,24.836045127478105,30.101899668305023,,,,/root/hs/paper2_layer_pruning/results/day12_rtp_gate/rtd_scores/rtp_gate_pure_drop_1_19.json
rtp_gate_pure_drop_1_19_24,"1,19,24",3,,300,100,,,,109.25922403006061,0.04470943147498797,0.22518279875635153,0.8686620001293426,0.20527739485629895,190.59078235932682,31.604616980896058,1.21105620798266,44.38339385060943,,40.279683346679754,52.59081485846871,,,,/root/hs/paper2_layer_pruning/results/day12_rtp_gate/rtd_scores/rtp_gate_pure_drop_1_19_24.json
rtp_gate_pure_drop_1_2,"1,2",2,,300,100,,,,677.7097737165045,0.10562830510632516,0.4124928246998649,1.698477812581851,0.3190725477545207,1325.3032373944045,399.008134088996,2.0677479987997254,295.8523849903674,,301.2101184836623,285.1369180037777,,,,/root/hs/paper2_layer_pruning/results/day12_rtp_gate/rtd_scores/rtp_gate_pure_drop_1_2.json
rtp_gate_pure_drop_1_20,"1,20",2,,300,100,,,,316.69121650740095,0.02406488142530652,0.11962433740564783,0.4083356636359446,0.15831484647876992,798.8634642910217,10.496893002072438,0.46467777640634106,143.72467019475252,,142.69397939278883,145.78605179868018,,,,/root/hs/paper2_layer_pruning/results/day12_rtp_gate/rtd_scores/rtp_gate_pure_drop_1_20.json
rtp_gate_pure_drop_1_20_24,"1,20,24",3,,300,100,,,,422.43673731307734,0.04978488498817659,0.26440273414739035,0.9191681160971753,0.2020174297915466,962.5140097392355,35.83250541561271,0.7834905115373906,184.63996864846396,,184.15398791976259,185.61193010586655,,,,/root/hs/paper2_layer_pruning/results/day12_rtp_gate/rtd_scores/rtp_gate_pure_drop_1_20_24.json
rtp_gate_pure_drop_1_21,"1,21",2,,300,100,,,,28.097770233977382,0.022268910306892063,0.09710064103797743,0.3816079060700186,0.16224215722195223,61.124459316018026,5.356415516691701,0.6051170837713222,12.298463664604858,,10.297440645216124,16.300509703382325,,,,/root/hs/paper2_layer_pruning/results/day12_rtp_gate/rtd_scores/rtp_gate_pure_drop_1_21.json
rtp_gate_pure_drop_1_21_24,"1,21,24",3,,300,100,,,,103.06283862616952,0.047995411785177584,0.23344394024542675,0.8507798485932951,0.210271726556939,137.22810538121925,44.438013995796716,0.9641833981501738,39.1967260378586,,36.716912120764164,44.15635387204748,,,,/root/hs/paper2_layer_pruning/results/day12_rtp_gate/rtd_scores/rtp_gate_pure_drop_1_21_24.json
rtp_gate_pure_drop_1_22,"1,22",2,,300,100,,,,28.956673191020872,0.02305006977374745,0.10513855916419332,0.5206184345232734,0.18091501154582296,58.56637999323249,19.75153313415407,0.44963288653723094,13.046144732149985,,13.755827382735553,11.62677943097886,,,,/root/hs/paper2_layer_pruning/results/day12_rtp_gate/rtd_scores/rtp_gate_pure_drop_1_22.json
rtp_gate_pure_drop_1_22_24,"1,22,24",3,,300,100,,,,165.154784010329,0.05894269583140737,0.27803693362784726,1.22702429152573,0.24935872023171293,139.78605939623682,88.8571434751357,1.0346992606207452,57.21713063950866,,57.51771834461771,56.61595522929056,,,,/root/hs/paper2_layer_pruning/results/day12_rtp_gate/rtd_scores/rtp_gate_pure_drop_1_22_24.json
rtp_gate_pure_drop_1_23,"1,23",2,,300,100,,,,18.844089528840165,0.019080895083219227,0.09032573394515808,0.34596465963473966,0.14684327759845114,43.88215247068845,2.1308593346988456,0.5377407539356726,8.433209624669301,,8.646549297809973,8.00653027838794,,,,/root/hs/paper2_layer_pruning/results/day12_rtp_gate/rtd_scores/rtp_gate_pure_drop_1_23.json
rtp_gate_pure_drop_1_23_24,"1,23,24",3,,300,100,,,,183.51139560271884,0.059376540552283634,0.28862086353405625,0.7980688516290255,0.19754771161477702,239.59960408340675,24.90725394540009,1.1566973967781182,66.53089382622869,,66.80583970216522,65.98100207435566,,,,/root/hs/paper2_layer_pruning/results/day12_rtp_gate/rtd_scores/rtp_gate_pure_drop_1_23_24.json
rtp_gate_pure_drop_1_24,"1,24",2,,300,100,,,,18.767917409143553,0.025527535588495708,0.12941174267244798,0.5366670544822604,0.1650962633146755,9.704613768574996,6.688978075676192,0.5704102573592216,5.946630170160664,,5.90096618463001,6.037958141221972,,,,/root/hs/paper2_layer_pruning/results/day12_rtp_gate/rtd_scores/rtp_gate_pure_drop_1_24.json
rtp_gate_pure_drop_1_24_25,"1,24,25",3,,300,100,,,,1347.9142541378021,0.09778146603805833,0.45948782582373715,1.0426594832539409,0.2430815111823624,941.2812488755642,149.05347843869995,1.5113311590247598,420.0614215241584,,421.0046244414964,418.17501568948245,,,,/root/hs/paper2_layer_pruning/results/day12_rtp_gate/rtd_scores/rtp_gate_pure_drop_1_24_25.json
rtp_gate_pure_drop_1_25,"1,25",2,,300,100,,,,29.10800122637774,0.026765999592219078,0.1328443242705662,0.41521154774142377,0.15957043781857652,20.882744899213545,11.320265917264603,0.5362303115136678,9.63806571136556,,10.679059305358336,7.556078523379977,,,,/root/hs/paper2_layer_pruning/results/day12_rtp_gate/rtd_scores/rtp_gate_pure_drop_1_25.json
rtp_gate_pure_drop_1_2_24,"1,2,24",3,,300,100,,,,842.5426958570481,0.13323842825895812,0.44712048861354164,2.200916253740081,0.3831990885887119,1442.6476242963486,539.6492191314862,1.9283700971775841,353.56658800573,,357.4414305093282,345.81690299853284,,,,/root/hs/paper2_layer_pruning/results/day12_rtp_gate/rtd_scores/rtp_gate_pure_drop_1_2_24.json
rtp_gate_pure_drop_1_2_9_19_24,"1,2,9,19,24",5,,300,100,,,,2071.6056008424202,0.22238282428801776,0.5606881881723789,3.417297021074529,0.5424358813630862,3409.9533159353196,1595.0767428231475,1.5531468526780356,871.2045987785903,,855.8645753628881,901.8846456099943,,,,/root/hs/paper2_layer_pruning/results/day12_rtp_gate/rtd_scores/rtp_gate_pure_drop_1_2_9_19_24.json
rtp_gate_pure_drop_1_2_9_24,"1,2,9,24",4,,300,100,,,,1509.3960258050754,0.18316913141527474,0.5210277739987179,2.7136991927423937,0.4639231556686435,2647.113942398892,1047.2037988094983,1.4815347060192352,642.102144976129,,634.6220500339537,657.0623348604793,,,,/root/hs/paper2_layer_pruning/results/day12_rtp_gate/rtd_scores/rtp_gate_pure_drop_1_2_9_24.json
rtp_gate_pure_drop_1_3,"1,3",2,,300,100,,,,86.3326926670046,0.037731437876519995,0.17850366608394097,0.724834236090984,0.19201232821673173,169.18747612614973,18.312004215556904,0.9874063753940393,36.23476129960241,,38.926346113423534,30.851591671960254,,,,/root/hs/paper2_layer_pruning/results/day12_rtp_gate/rtd_scores/rtp_gate_pure_drop_1_3.json
rtp_gate_pure_drop_1_3_24,"1,3,24",3,,300,100,,,,135.87618581820433,0.05768734725366006,0.2546862687305134,1.0786730434025094,0.22885270933300114,209.1457887521164,31.535184600968993,1.2268898106038422,52.55981726745196,,53.962557278838176,49.75433724467945,,,,/root/hs/paper2_layer_pruning/results/day12_rtp_gate/rtd_scores/rtp_gate_pure_drop_1_3_24.json
rtp_gate_pure_drop_1_3_9_24,"1,3,9,24",4,,300,100,,,,306.5497323950502,0.08581824550878565,0.3368184454132925,1.5545470566959392,0.2871442507771176,503.5034035877904,50.789721284932625,1.329537765077217,119.83823949522117,,124.76935870708265,109.97600107149815,,,,/root/hs/paper2_layer_pruning/results/day12_rtp_gate/rtd_scores/rtp_gate_pure_drop_1_3_9_24.json
rtp_gate_pure_drop_1_4,"1,4",2,,300,100,,,,302.01145667494416,0.07136417337890669,0.30591846383000115,1.2300186192321314,0.25590518492546743,602.9719703931474,62.53582744386683,1.7738558136549452,127.20719403708746,,133.02752384201952,115.56653442722336,,,,/root/hs/paper2_layer_pruning/results/day12_rtp_gate/rtd_scores/rtp_gate_pure_drop_1_4.json
rtp_gate_pure_drop_1_4_24,"1,4,24",3,,300,100,,,,419.59600659829925,0.09511409616418516,0.3653098996023388,1.6519612944926387,0.3022841285435299,726.3002062888377,93.25935611044987,1.8120918225763731,168.08840926038562,,173.11944995366557,158.02632787382544,,,,/root/hs/paper2_layer_pruning/results/day12_rtp_gate/rtd_scores/rtp_gate_pure_drop_1_4_24.json
rtp_gate_pure_drop_1_4_9_24,"1,4,9,24",4,,300,100,,,,942.1797746128051,0.1410671510324952,0.4749655582527502,2.159303597091175,0.38139407583998164,1688.590302226522,588.7042288726274,1.93617587084161,400.60349817785936,,410.43162578526056,380.9472429630571,,,,/root/hs/paper2_layer_pruning/results/day12_rtp_gate/rtd_scores/rtp_gate_pure_drop_1_4_9_24.json
rtp_gate_pure_drop_1_5,"1,5",2,,300,100,,,,105.48551423797134,0.04444898264420382,0.225364372460557,0.854465271746364,0.20207373396091408,196.58842025693397,21.93884712313293,1.388648083505875,43.441123096447505,,43.730655764134866,42.86205776107276,,,,/root/hs/paper2_layer_pruning/results/day12_rtp_gate/rtd_scores/rtp_gate_pure_drop_1_5.json
rtp_gate_pure_drop_1_5_24,"1,5,24",3,,300,100,,,,174.7929262187373,0.0657820384825186,0.3020930512490176,1.2434756175933435,0.24172526536876915,260.6923832980268,40.81273509766386,1.4168392156797316,66.91878113582692,,65.70632071011221,69.34370198725637,,,,/root/hs/paper2_layer_pruning/results/day12_rtp_gate/rtd_scores/rtp_gate_pure_drop_1_5_24.json
rtp_gate_pure_drop_1_5_9_24,"1,5,9,24",4,,300,100,,,,514.7989380605322,0.10971941445270271,0.414534525021499,1.9103070281476524,0.3384453169547747,875.0304785886428,202.37391408744293,1.564274165547361,209.28575973249076,,213.07835206698275,201.7005750635068,,,,/root/hs/paper2_layer_pruning/results/day12_rtp_gate/rtd_scores/rtp_gate_pure_drop_1_5_9_24.json
rtp_gate_pure_drop_1_6,"1,6",2,,300,100,,,,65.09780137951746,0.028831879885154697,0.13727591511787424,0.6517475660989699,0.17973591560077282,129.34778458563702,26.157314103377914,1.2272507333749885,28.12074569835614,,29.537900673820353,25.286435747427713,,,,/root/hs/paper2_layer_pruning/results/day12_rtp_gate/rtd_scores/rtp_gate_pure_drop_1_6.json
rtp_gate_pure_drop_1_6_24,"1,6,24",3,,300,100,,,,111.22320911445604,0.04927617143256263,0.23395682301465787,1.023019343192504,0.21734365894792196,165.60137920186438,28.231432135376192,1.3413124051123946,42.73828721942022,,43.02440696158152,42.16604773509757,,,,/root/hs/paper2_layer_pruning/results/day12_rtp_gate/rtd_scores/rtp_gate_pure_drop_1_6_24.json
rtp_gate_pure_drop_1_6_9_24,"1,6,9,24",4,,300,100,,,,285.96373775937894,0.08221856567807723,0.3280366019286859,1.495414222066878,0.27950807455738863,477.6463454895976,58.951383681581355,1.9352410001988554,113.04388867597673,,115.73634120621992,107.65898361549041,,,,/root/hs/paper2_layer_pruning/results/day12_rtp_gate/rtd_scores/rtp_gate_pure_drop_1_6_9_24.json
rtp_gate_pure_drop_1_7,"1,7",2,,300,100,,,,71.37845017973436,0.04471570218884281,0.20633278950118214,0.8089213991073875,0.2071001870348449,126.81249707309733,70.52648249687783,1.446901091949713,31.75485945269201,,33.51009629956368,28.244385758948667,,,,/root/hs/paper2_layer_pruning/results/day12_rtp_gate/rtd_scores/rtp_gate_pure_drop_1_7.json
rtp_gate_pure_drop_1_7_24,"1,7,24",3,,300,100,,,,131.84649348677817,0.06520110484535832,0.2753294197241203,1.16137604829832,0.24065168695780373,182.70228848526835,68.3426075172611,1.5090369679401443,51.30660549286803,,52.2852332905667,49.34934989747057,,,,/root/hs/paper2_layer_pruning/results/day12_rtp_gate/rtd_scores/rtp_gate_pure_drop_1_7_24.json
rtp_gate_pure_drop_1_7_9_24,"1,7,9,24",4,,300,100,,,,434.7311280164214,0.10943354108321225,0.39308743848796185,1.7479934830959571,0.3264913018566048,704.4858081754436,145.7875115291571,2.2918157474141707,172.79620417031347,,180.5020936321237,157.3844252466931,,,,/root/hs/paper2_layer_pruning/results/day12_rtp_gate/rtd_scores/rtp_gate_pure_drop_1_7_9_24.json
rtp_gate_pure_drop_1_8,"1,8",2,,300,100,,,,33.45972215904331,0.028850040078579966,0.13103903706772804,0.6366412384432355,0.17859905924063985,62.115266728799334,19.262407858406448,0.7879084543620837,14.466993563624449,,13.868168455393743,15.664643780085855,,,,/root/hs/paper2_layer_pruning/results/day12_rtp_gate/rtd_scores/rtp_gate_pure_drop_1_8.json
rtp_gate_pure_drop_1_8_24,"1,8,24",3,,300,100,,,,77.42439051318497,0.04863551950249908,0.22097660544783912,0.9861086876718062,0.21345624438476837,95.76534440835029,23.831764712469813,0.9526316274167391,28.458181493601327,,27.9824141307846,29.409716219234742,,,,/root/hs/paper2_layer_pruning/results/day12_rtp_gate/rtd_scores/rtp_gate_pure_drop_1_8_24.json
rtp_gate_pure_drop_1_8_9_24,"1,8,9,24",4,,300,100,,,,268.9099794752842,0.08579891156301854,0.3412562304244881,1.5981016964640693,0.2895165054011914,406.12651994215435,68.78428057442733,1.4588516397067983,103.5504837021577,,107.25075557620663,96.14993995405993,,,,/root/hs/paper2_layer_pruning/results/day12_rtp_gate/rtd_scores/rtp_gate_pure_drop_1_8_9_24.json
rtp_gate_pure_drop_1_9,"1,9",2,,300,100,,,,20.022659522067332,0.0253628289101058,0.11976861705420869,0.5253946083815071,0.1692111792592209,35.85596678507132,4.225112911820178,0.8610496335585545,8.238100765200995,,7.5536169196846945,9.60706845623359,,,,/root/hs/paper2_layer_pruning/results/day12_rtp_gate/rtd_scores/rtp_gate_pure_drop_1_9.json
rtp_gate_pure_drop_1_9_10_24,"1,9,10,24",4,,300,100,,,,196.90483680261607,0.07227364830050903,0.3094209950450602,1.3433017696648277,0.25826716017102774,304.5937376121982,44.911400551082586,1.4980933040661473,76.18594635676426,,76.57447424243738,75.40889058541818,,,,/root/hs/paper2_layer_pruning/results/day12_rtp_gate/rtd_scores/rtp_gate_pure_drop_1_9_10_24.json
rtp_gate_pure_drop_1_9_11_24,"1,9,11,24",4,,300,100,,,,345.4555611622507,0.09164969403545387,0.36766573121513135,1.616648611255257,0.30354873115038356,531.3874637302036,58.6219395750556,1.6374434929897563,132.21598107686347,,138.66756737554505,119.31280847949995,,,,/root/hs/paper2_layer_pruning/results/day12_rtp_gate/rtd_scores/rtp_gate_pure_drop_1_9_11_24.json
rtp_gate_pure_drop_1_9_12_24,"1,9,12,24",4,,300,100,,,,208.81234999595446,0.07356744821866257,0.32132608798098317,1.2760617441715847,0.26243075939870864,301.6735530685907,37.86735421017603,1.562477058055173,78.57193192874897,,83.54976115569467,68.6162734748577,,,,/root/hs/paper2_layer_pruning/results/day12_rtp_gate/rtd_scores/rtp_gate_pure_drop_1_9_12_24.json
rtp_gate_pure_drop_1_9_13_24,"1,9,13,24",4,,300,100,,,,349.0400824982979,0.09166607243380726,0.36693142903849624,1.6920129814957654,0.3147689444280621,537.6351992866697,80.9730128183849,1.6023418286156088,134.740399330633,,130.92143095195158,142.37833608799582,,,,/root/hs/paper2_layer_pruning/results/day12_rtp_gate/rtd_scores/rtp_gate_pure_drop_1_9_13_24.json
rtp_gate_pure_drop_1_9_14_24,"1,9,14,24",4,,300,100,,,,212.27014414718516,0.07052748606661062,0.31745628134284265,1.2665659896908865,0.24997885684078394,356.2334510944098,32.24314573306432,1.4810558417159434,83.51290781850203,,88.76436775422347,73.00998794705912,,,,/root/hs/paper2_layer_pruning/results/day12_rtp_gate/rtd_scores/rtp_gate_pure_drop_1_9_14_24.json
rtp_gate_pure_drop_1_9_15_24,"1,9,15,24",4,,300,100,,,,295.92943317513306,0.0830996768001672,0.3325049315735902,1.7646493349568217,0.3131242733617437,486.9291946881029,82.67469053816815,1.5426662540563258,117.49297855504199,,118.03889270771971,116.40115024968658,,,,/root/hs/paper2_layer_pruning/results/day12_rtp_gate/rtd_scores/rtp_gate_pure_drop_1_9_15_24.json
rtp_gate_pure_drop_1_9_16_24,"1,9,16,24",4,,300,100,,,,278.383853105751,0.07000165343481203,0.3098986681365199,1.2547986500350246,0.24497943662816737,513.2317763096197,75.85895588380878,1.566030032192714,114.78189721569237,,108.49195838005885,127.36177488695945,,,,/root/hs/paper2_layer_pruning/results/day12_rtp_gate/rtd_scores/rtp_gate_pure_drop_1_9_16_24.json
rtp_gate_pure_drop_1_9_17_24,"1,9,17,24",4,,300,100,,,,227.40250009521492,0.06721187337492808,0.3015776550623597,1.3078115546876143,0.2652524872902328,396.62455180543753,58.89552190920104,1.0883578620349166,91.84893134557925,,94.5161230185678,86.514547999602,,,,/root/hs/paper2_layer_pruning/results/day12_rtp_gate/rtd_scores/rtp_gate_pure_drop_1_9_17_24.json
rtp_gate_pure_drop_1_9_18_24,"1,9,18,24",4,,300,100,,,,385.12459365487626,0.0681092792390603,0.3133365999714941,1.3691151413860358,0.2566967775060657,806.0897068944199,34.776184940249934,1.1592041601418976,162.8437994879081,,165.13751125985706,158.25637594401033,,,,/root/hs/paper2_layer_pruning/results/day12_rtp_gate/rtd_scores/rtp_gate_pure_drop_1_9_18_24.json
rtp_gate_pure_drop_1_9_19_24,"1,9,19,24",4,,300,100,,,,186.99839249274035,0.06645532455049029,0.29566539459499325,1.3092751470381991,0.2503519712550023,299.9847276345856,38.633772890050665,1.7102199523060664,73.02621201333626,,68.81556918409836,81.44749767181207,,,,/root/hs/paper2_layer_pruning/results/day12_rtp_gate/rtd_scores/rtp_gate_pure_drop_1_9_19_24.json
rtp_gate_pure_drop_1_9_20_24,"1,9,20,24",4,,300,100,,,,510.03362535044016,0.07135270570521507,0.3388973216603964,1.3527333271650397,0.24652070688876174,1101.7103190998546,53.12282456609011,1.2909061419245715,218.64424949461957,,218.37803939052753,219.17666970280385,,,,/root/hs/paper2_layer_pruning/results/day12_rtp_gate/rtd_scores/rtp_gate_pure_drop_1_9_20_24.json
rtp_gate_pure_drop_1_9_21_24,"1,9,21,24",4,,300,100,,,,184.42402228560266,0.06997068758418692,0.3194170720758682,1.2745333955964704,0.2535656710094843,243.7352426337081,95.96477489029178,1.3937989841067284,70.73585954699311,,69.044590843557,74.11839695386534,,,,/root/hs/paper2_layer_pruning/results/day12_rtp_gate/rtd_scores/rtp_gate_pure_drop_1_9_21_24.json
rtp_gate_pure_drop_1_9_22_24,"1,9,22,24",4,,300,100,,,,280.60675312133105,0.08145418563167496,0.34858415825413513,1.6330965060754548,0.3017785929362717,284.0971907548738,120.31998985061315,1.5415182006074333,99.29921547363438,,98.70044586849058,100.49675468392199,,,,/root/hs/paper2_layer_pruning/results/day12_rtp_gate/rtd_scores/rtp_gate_pure_drop_1_9_22_24.json
rtp_gate_pure_drop_1_9_23_24,"1,9,23,24",4,,300,100,,,,257.58874903910385,0.07677098895321986,0.3659356226979577,1.1354770113095165,0.2376699353750854,353.66786136444074,47.45434924530945,1.7657967263516392,95.39676316690098,,95.21545563362551,95.75937823345207,,,,/root/hs/paper2_layer_pruning/results/day12_rtp_gate/rtd_scores/rtp_gate_pure_drop_1_9_23_24.json
rtp_gate_pure_drop_1_9_24,"1,9,24",3,,300,100,,,,55.75895734256175,0.044255221915725076,0.2058799205545251,0.8823686455300632,0.19969779506710228,62.61653533719378,11.754424961467533,1.2099998926806481,19.776356410760762,,18.78703483195445,21.754999568373407,,,,/root/hs/paper2_layer_pruning/results/day12_rtp_gate/rtd_scores/rtp_gate_pure_drop_1_9_24.json
rtp_gate_pure_drop_1_9_24_25,"1,9,24,25",4,,300,100,,,,1382.76244967462,0.11448091580951388,0.502558483577122,1.1857449680337953,0.25993361652849034,996.9545705150988,134.83472130091556,1.819546576774684,432.5613414322203,,436.11008212974184,425.46386003717686,,,,/root/hs/paper2_layer_pruning/results/day12_rtp_gate/rtd_scores/rtp_gate_pure_drop_1_9_24_25.json
rtp_gate_pure_drop_2,2,1,,300,100,2,2,5,50.74975918163579,0.02493988892262183,0.13969937876334562,0.5886049120207711,0.1745123262675482,102.46715965672513,30.152756466085776,0.6200009473394211,22.54843648539529,,24.500055145707485,18.645199164770858,,,,/root/hs/paper2_layer_pruning/results/day12_rtp_gate/rtd_scores/rtp_gate_pure_drop_2.json
rtp_gate_pure_drop_20,20,1,,300,100,20,20,4,316.8866689624657,0.017715688382281054,0.07940948157619196,0.2966748430413185,0.14769210989806758,805.9006702813253,7.988845460902251,0.2859910276764434,144.17897346086593,,141.81217896747762,148.91256244764247,,,,/root/hs/paper2_layer_pruning/results/day12_rtp_gate/rtd_scores/rtp_gate_pure_drop_20.json
rtp_gate_pure_drop_21,21,1,,300,100,21,21,3,18.195550272844343,0.014800253940541313,0.07001038690036403,0.2826184529215047,0.15179667249412904,40.46865413887318,2.5661820283209633,0.3335441746213688,7.998768806653839,,6.51414239945631,10.968021621048885,,,,/root/hs/paper2_layer_pruning/results/day12_rtp_gate/rtd_scores/rtp_gate_pure_drop_21.json
rtp_gate_pure_drop_22,22,1,,300,100,22,22,0,24.70149561333884,0.01640562085490805,0.0711895735707321,0.39277069238423895,0.16968935767659712,53.435704636811494,4.616856643698607,0.21778872267130633,10.779300642786206,,11.558584989923718,9.220731948511178,,,,/root/hs/paper2_layer_pruning/results/day12_rtp_gate/rtd_scores/rtp_gate_pure_drop_22.json
rtp_gate_pure_drop_23,23,1,,300,100,23,23,7,14.893266824491663,0.012915233565108446,0.0551242791675116,0.2317727476839741,0.13924957236256783,37.28426831932286,0.6881650669522803,0.20714766008218558,6.8080365847253415,,7.1124650638023965,6.199179626571237,,,,/root/hs/paper2_layer_pruning/results/day12_rtp_gate/rtd_scores/rtp_gate_pure_drop_23.json
rtp_gate_pure_drop_24,24,1,,300,100,24,24,6,16.229091338675868,0.017204700444166873,0.08154740984173307,0.4361897231596036,0.1594099283093624,4.981065939302863,3.5080134886046297,0.24208079334801066,4.737540424838437,,4.832464681065639,4.54769191238403,,,,/root/hs/paper2_layer_pruning/results/day12_rtp_gate/rtd_scores/rtp_gate_pure_drop_24.json
rtp_gate_pure_drop_25,25,1,,300,100,25,25,0,32.484733267396315,0.021048275134990746,0.09581723222212536,0.3373465879281259,0.1537695490470194,24.686961393701736,5.602133076645441,0.3327522445163274,10.473697189409693,,11.445885920147322,8.529319727934416,,,,/root/hs/paper2_layer_pruning/results/day12_rtp_gate/rtd_scores/rtp_gate_pure_drop_25.json
rtp_gate_pure_drop_3,3,1,,300,100,3,3,0,11.43198314045545,0.012996983288078448,0.06464725850002197,0.3002480471338202,0.14951358110132124,20.231546152899412,15.607525717552713,0.3633029003911001,5.3434529901861625,,6.424112236464151,3.1821344976301833,,,,/root/hs/paper2_layer_pruning/results/day12_rtp_gate/rtd_scores/rtp_gate_pure_drop_3.json
rtp_gate_pure_drop_4,4,1,,300,100,4,4,0,101.52134661959104,0.04324629595789824,0.19095445910342937,0.8014339489358387,0.20341147998242684,208.24026257233933,21.941532053806835,1.354929349965567,43.367815179850396,,43.681155332930345,42.7411348736905,,,,/root/hs/paper2_layer_pruning/results/day12_rtp_gate/rtd_scores/rtp_gate_pure_drop_4.json
rtp_gate_pure_drop_5,5,1,,300,100,5,5,0,29.02739442723775,0.024622499027738526,0.12711858631154116,0.552758267392904,0.16903104604388802,54.34773512502359,5.414980029116027,0.8106300830147707,12.031158304072765,,13.016833641976195,10.059807628265895,,,,/root/hs/paper2_layer_pruning/results/day12_rtp_gate/rtd_scores/rtp_gate_pure_drop_5.json
rtp_gate_pure_drop_6,6,1,,300,100,6,6,0,16.106745768055475,0.014074422319618425,0.06381623928607012,0.4106047398095445,0.15746499631095454,31.447465754906542,10.100968291600788,0.38889561612877654,7.152530984144557,,7.739532407208781,5.9785281380161,,,,/root/hs/paper2_layer_pruning/results/day12_rtp_gate/rtd_scores/rtp_gate_pure_drop_6.json
rtp_gate_pure_drop_7,7,1,,300,100,7,7,0,34.25914058824782,0.03246964408666676,0.14189323635764498,0.6240400935830741,0.19004064998791745,59.22718863373722,2.310448183668046,0.6717700813275439,13.585092050622926,,13.343285155702558,14.068705840463668,,,,/root/hs/paper2_layer_pruning/results/day12_rtp_gate/rtd_scores/rtp_gate_pure_drop_7.json
rtp_gate_pure_drop_8,8,1,,300,100,8,8,0,12.116718975228824,0.01724520473212482,0.07941190378194353,0.4578929686346359,0.16174377159440173,22.21195054727648,14.234653957468721,0.43251070589201324,5.635043158572159,,6.096502422719022,4.712124630278426,,,,/root/hs/paper2_layer_pruning/results/day12_rtp_gate/rtd_scores/rtp_gate_pure_drop_8.json
rtp_gate_pure_drop_9,9,1,,300,100,9,9,0,9.894656464522097,0.0159007248170014,0.07416900630421419,0.3889151996879373,0.1562168086949709,17.404804873337287,1.7649502324065285,0.46395468938621176,4.060800647428663,,3.4498208789538025,5.282760184378377,,,,/root/hs/paper2_layer_pruning/results/day12_rtp_gate/rtd_scores/rtp_gate_pure_drop_9.json
rtp_gate_structure_drop_0,0,1,,300,100,0,0,0,657.3287685877649,0.07667263093949193,0.37988847187536884,1.351327458932815,0.26162611623110993,1354.4293645572968,1060.809746101112,1.646850525644745,326.09254871242007,,322.13201987494244,334.0136063873759,,,,/root/hs/paper2_layer_pruning/results/day12_rtp_gate/rtd_scores/rtp_gate_structure_drop_0.json
rtp_gate_structure_drop_0_1,"0,1",2,,300,100,,,,4642.120521033204,0.3087538287826469,0.6631932276138554,3.6254014678459634,0.5592614914124687,8689.279554315339,9673.76488765244,1.1968951895622029,2340.163405836371,,2369.287871433121,2281.9144746428756,,,,/root/hs/paper2_layer_pruning/results/day12_rtp_gate/rtd_scores/rtp_gate_structure_drop_0_1.json
rtp_gate_structure_drop_0_1_24,"0,1,24",3,,300,100,,,,4898.088137464114,0.34673460149758983,0.6623416216128163,4.487924709432391,0.6314263263187406,8335.108964989664,9314.77156590784,1.1081197101608085,2358.0117494595565,,2389.5614658754457,2294.9123166277755,,,,/root/hs/paper2_layer_pruning/results/day12_rtp_gate/rtd_scores/rtp_gate_structure_drop_0_1_24.json
rtp_gate_structure_drop_0_1_9_24,"0,1,9,24",4,,300,100,,,,5937.197746758151,0.3927869319470708,0.6713868108102834,4.824689134036196,0.6798100536119602,9971.502296463828,10379.256621832872,0.7751871213985766,2801.9765530279824,,2828.5204704096373,2748.8887182646718,,,,/root/hs/paper2_layer_pruning/results/day12_rtp_gate/rtd_scores/rtp_gate_structure_drop_0_1_9_24.json
rtp_gate_structure_drop_1,1,1,,300,100,1,1,0,1.3932916395035007,0.007673776867942394,0.03508709803802471,0.17783120012773232,0.1381841365426185,1.6075997144410297,1.2908512069089275,0.35169004146440674,0.6026784872505351,,0.5677944513765079,0.6724465589985907,,,,/root/hs/paper2_layer_pruning/results/day12_rtp_gate/rtd_scores/rtp_gate_structure_drop_1.json
rtp_gate_structure_drop_10,10,1,,300,100,10,10,0,18.278629191045894,0.019793259214731188,0.09640317671377745,0.5006312394395936,0.1706924975091237,30.12220849927525,7.297998319630069,0.48098200365848964,7.473760372663907,,8.39172312812811,5.637834861735504,,,,/root/hs/paper2_layer_pruning/results/day12_rtp_gate/rtd_scores/rtp_gate_structure_drop_10.json
rtp_gate_structure_drop_11,11,1,,300,100,11,11,2,32.596182467815574,0.022318788438834163,0.10351740291161672,0.5197098393495445,0.17455213389023722,54.71501650807082,1.9978091761972867,0.4847910960820159,12.760485721899895,,13.726647073102086,10.8281630194955,,,,/root/hs/paper2_layer_pruning/results/day12_rtp_gate/rtd_scores/rtp_gate_structure_drop_11.json
rtp_gate_structure_drop_12,12,1,,300,100,12,12,0,17.564132693575235,0.01951095953745671,0.108606622341936,0.33404324474387975,0.15660399597618846,32.076513643888894,3.046659776894488,0.7074041493404764,7.223353272100504,,7.937727452169995,5.7946049119615,,,,/root/hs/paper2_layer_pruning/results/day12_rtp_gate/rtd_scores/rtp_gate_structure_drop_12.json
rtp_gate_structure_drop_13,13,1,,300,100,13,13,0,36.84442995963745,0.027973423736656795,0.1543222171892242,0.6090294938291666,0.18668687838861764,62.52250759474346,10.243883871333496,0.5690503428992295,14.886070965535707,,14.923889174524518,14.810434547558053,,,,/root/hs/paper2_layer_pruning/results/day12_rtp_gate/rtd_scores/rtp_gate_structure_drop_13.json
rtp_gate_structure_drop_14,14,1,,300,100,14,14,0,37.628426551556274,0.021539129371133947,0.1230333355748652,0.36905740568484635,0.15150934599036392,80.74782244253963,4.844099158325152,0.6373537771702457,16.227473131370104,,15.742774869922211,17.196869654265896,,,,/root/hs/paper2_layer_pruning/results/day12_rtp_gate/rtd_scores/rtp_gate_structure_drop_14.json
rtp_gate_structure_drop_15,15,1,,300,100,15,15,0,57.83290547781648,0.02487492969550168,0.1139002320244369,0.5913499210617228,0.18481921530455236,132.24070324578963,8.987181350862052,0.4146572970798951,25.632174920382162,,24.781781977657534,27.332960805831444,,,,/root/hs/paper2_layer_pruning/results/day12_rtp_gate/rtd_scores/rtp_gate_structure_drop_15.json
rtp_gate_structure_drop_16,16,1,,300,100,16,16,0,164.32987177742248,0.024298949062405612,0.13033477459068302,0.4001520777403367,0.1551728115262416,414.81668225302667,31.265856281979154,0.5355003833083716,75.95197947386252,,72.81796418209402,82.22001005739969,,,,/root/hs/paper2_layer_pruning/results/day12_rtp_gate/rtd_scores/rtp_gate_structure_drop_16.json
rtp_gate_structure_drop_17,17,1,,300,100,17,17,0,74.74196485587578,0.019638120247749094,0.09732696391835166,0.4037265556888285,0.16590997918001174,175.1532533522021,4.7634163728581695,0.339328182031809,33.044779315572974,,32.231804920050166,34.67072810661854,,,,/root/hs/paper2_layer_pruning/results/day12_rtp_gate/rtd_scores/rtp_gate_structure_drop_17.json
rtp_gate_structure_drop_18,18,1,,300,100,18,18,1,290.57278068590784,0.02179573480474523,0.10166448204451708,0.38938877531984045,0.15828004657957176,735.8441883029012,9.751290274688557,0.3532367437784205,132.1058334447221,,128.06402609012395,140.18944815391845,,,,/root/hs/paper2_layer_pruning/results/day12_rtp_gate/rtd_scores/rtp_gate_structure_drop_18.json
rtp_gate_structure_drop_19,19,1,,300,100,19,19,0,41.233433744607304,0.015592155150990633,0.08008736685641618,0.36959014020833997,0.15878640530910018,101.69432836777456,6.283895993331415,0.5849684542129162,18.86763509792668,,16.977963720759824,22.646977852260385,,,,/root/hs/paper2_layer_pruning/results/day12_rtp_gate/rtd_scores/rtp_gate_structure_drop_19.json
rtp_gate_structure_drop_1_10,"1,10",2,,300,100,,,,37.578425923685124,0.03123561692132077,0.15726830540978404,0.669165927227664,0.18607051265269514,66.69365063137084,9.471868531721613,0.8606186507624138,15.386311301254255,,16.22839256660562,13.70214877055151,,,,/root/hs/paper2_layer_pruning/results/day12_rtp_gate/rtd_scores/rtp_gate_structure_drop_1_10.json
rtp_gate_structure_drop_1_10_24,"1,10,24",3,,300,100,,,,81.54000441426977,0.05175346709889415,0.23552121150609945,1.0203543706258575,0.22001123660031263,103.88592550860834,24.473603076013788,1.1021187069650265,30.18333813139306,,31.640196677912574,27.26962103835397,,,,/root/hs/paper2_layer_pruning/results/day12_rtp_gate/rtd_scores/rtp_gate_structure_drop_1_10_24.json
rtp_gate_structure_drop_1_11,"1,11",2,,300,100,,,,52.73850254480585,0.03239252918637583,0.15807489081384954,0.6452413765210955,0.1874865185795824,93.85098818979637,5.605895353118911,0.8693229586852281,21.15284912460029,,23.878955439576576,15.70063649464768,,,,/root/hs/paper2_layer_pruning/results/day12_rtp_gate/rtd_scores/rtp_gate_structure_drop_1_11.json
rtp_gate_structure_drop_1_11_24,"1,11,24",3,,300,100,,,,97.45409818422884,0.05261092206986725,0.24637260722305238,0.9931664367277214,0.2217469724320928,121.44037314632085,14.962604058902661,1.0793205247771938,35.08763294150751,,37.907729307673236,29.4474402091761,,,,/root/hs/paper2_layer_pruning/results/day12_rtp_gate/rtd_scores/rtp_gate_structure_drop_1_11_24.json
rtp_gate_structure_drop_1_12,"1,12",2,,300,100,,,,26.95671754786867,0.02734341967609862,0.14699942541734898,0.460331623595198,0.1691076080519368,47.44017830175149,9.109981104236088,1.1265086047454616,11.14788528420768,,12.454014909806128,8.535626033010768,,,,/root/hs/paper2_layer_pruning/results/day12_rtp_gate/rtd_scores/rtp_gate_structure_drop_1_12.json
rtp_gate_structure_drop_1_12_24,"1,12,24",3,,300,100,,,,65.16801250372812,0.04659441986370181,0.24007382349963668,0.8059234656534969,0.2023875069813901,75.6465502911298,15.98659340147567,1.2439497254127843,23.378340147959285,,24.22536495177774,21.68429054032238,,,,/root/hs/paper2_layer_pruning/results/day12_rtp_gate/rtd_scores/rtp_gate_structure_drop_1_12_24.json
rtp_gate_structure_drop_1_13,"1,13",2,,300,100,,,,64.50034612605036,0.03743123054529356,0.20301262648615398,0.7213775448912387,0.20097627335771978,122.25276596631947,20.510086882358504,1.078889184545378,27.139461494858438,,26.78416700078133,27.850050483012616,,,,/root/hs/paper2_layer_pruning/results/day12_rtp_gate/rtd_scores/rtp_gate_structure_drop_1_13.json
rtp_gate_structure_drop_1_13_24,"1,13,24",3,,300,100,,,,126.75961809030768,0.0586682585599324,0.2821845645419744,1.1303412551090581,0.24055427181577074,179.1806510458703,37.11040105326951,1.2410527680567218,48.1760133563023,,46.8917991418823,50.74444178514229,,,,/root/hs/paper2_layer_pruning/results/day12_rtp_gate/rtd_scores/rtp_gate_structure_drop_1_13_24.json
rtp_gate_structure_drop_1_14,"1,14",2,,300,100,,,,56.79136092542941,0.029589913409601768,0.16086511404588608,0.4756077224524363,0.16276205742127098,121.93857760931455,5.130854024728454,1.0258391845149226,24.36757602435014,,25.288715950710113,22.52529617163017,,,,/root/hs/paper2_layer_pruning/results/day12_rtp_gate/rtd_scores/rtp_gate_structure_drop_1_14.json
rtp_gate_structure_drop_1_14_24,"1,14,24",3,,300,100,,,,86.01014616245229,0.046854755102254696,0.2381996044447139,0.8146047965209632,0.1964607164333834,134.96332377071477,16.376688083710643,1.160570100425239,33.35086023817937,,34.307439369016684,31.437701976504727,,,,/root/hs/paper2_layer_pruning/results/day12_rtp_gate/rtd_scores/rtp_gate_structure_drop_1_14_24.json
rtp_gate_structure_drop_1_15,"1,15",2,,300,100,,,,92.46129310558622,0.03149029160756107,0.1529997082758112,0.7130792393948419,0.19802000385537005,207.21514673889322,18.608772279530772,0.8337163440667921,40.81170437827273,,38.353390353950445,45.72833242691736,,,,/root/hs/paper2_layer_pruning/results/day12_rtp_gate/rtd_scores/rtp_gate_structure_drop_1_15.json
rtp_gate_structure_drop_1_15_24,"1,15,24",3,,300,100,,,,151.27739222854623,0.05524993079699493,0.25310070122396466,1.2115016895310562,0.2440210757142647,271.014464210618,37.070014149159235,1.0175091136383434,61.648743719717665,,60.61218244240621,63.721866274340584,,,,/root/hs/paper2_layer_pruning/results/day12_rtp_gate/rtd_scores/rtp_gate_structure_drop_1_15_24.json
rtp_gate_structure_drop_1_16,"1,16",2,,300,100,,,,175.92212217532514,0.03129280147591198,0.15956790026361228,0.4836018910344338,0.16339668560371018,431.2467775792923,49.01269555286347,0.9570605683720682,81.0876377920735,,78.11061418832827,87.04168499956377,,,,/root/hs/paper2_layer_pruning/results/day12_rtp_gate/rtd_scores/rtp_gate_structure_drop_1_16.json
rtp_gate_structure_drop_1_16_24,"1,16,24",3,,300,100,,,,184.5154486210431,0.04814732585436174,0.2322198747216583,0.8320414310101168,0.1961741097605004,382.7109520224205,49.39587634981773,1.2021960102695877,79.45154310044569,,75.40156635311644,87.55149659510406,,,,/root/hs/paper2_layer_pruning/results/day12_rtp_gate/rtd_scores/rtp_gate_structure_drop_1_16_24.json
rtp_gate_structure_drop_1_17,"1,17",2,,300,100,,,,92.4526340347672,0.02627372017922016,0.13510349580357028,0.48970601388623985,0.17636765615230487,213.10124278263112,9.748019074204187,0.685038493998464,40.792147886473394,,40.63791388692668,41.100615885566846,,,,/root/hs/paper2_layer_pruning/results/day12_rtp_gate/rtd_scores/rtp_gate_structure_drop_1_17.json
rtp_gate_structure_drop_1_17_24,"1,17,24",3,,300,100,,,,142.21009183304,0.04667264764287711,0.22814168848587732,0.9027889649693608,0.21643555701229705,259.0842354927445,52.975942533097715,0.7618069422912992,59.15821543232133,,60.73243891091722,56.00976847512953,,,,/root/hs/paper2_layer_pruning/results/day12_rtp_gate/rtd_scores/rtp_gate_structure_drop_1_17_24.json
rtp_gate_structure_drop_1_18,"1,18",2,,300,100,,,,321.80820100100044,0.02867138164774928,0.14192357243915038,0.4794881527367476,0.16775921950089387,809.9260580516486,10.625405185581121,0.5693419215521861,145.9153273599462,,143.02509086925988,151.69580034131874,,,,/root/hs/paper2_layer_pruning/results/day12_rtp_gate/rtd_scores/rtp_gate_structure_drop_1_18.json
rtp_gate_structure_drop_1_18_24,"1,18,24",3,,300,100,,,,313.07039775559247,0.04741022923124376,0.23343096776140929,0.9146512348951439,0.20629267252587224,706.6753749515049,25.901518291485562,0.7397346169472588,136.3276701731835,,137.4246072790899,134.13379596137068,,,,/root/hs/paper2_layer_pruning/results/day12_rtp_gate/rtd_scores/rtp_gate_structure_drop_1_18_24.json
rtp_gate_structure_drop_1_19,"1,19",2,,300,100,,,,58.35931563385444,0.021632562751772295,0.10999226385101032,0.45108671605890216,0.16878734600683346,142.3054949659859,9.479132615765588,0.9542598751792337,26.591329974420418,,24.836045127478105,30.101899668305023,,,,/root/hs/paper2_layer_pruning/results/day12_rtp_gate/rtd_scores/rtp_gate_structure_drop_1_19.json
rtp_gate_structure_drop_1_19_24,"1,19,24",3,,300,100,,,,109.25922403006061,0.04470943147498797,0.22518279875635153,0.8686620001293426,0.20527739485629895,190.59078235932682,31.604616980896058,1.21105620798266,44.38339385060943,,40.279683346679754,52.59081485846871,,,,/root/hs/paper2_layer_pruning/results/day12_rtp_gate/rtd_scores/rtp_gate_structure_drop_1_19_24.json
rtp_gate_structure_drop_1_2,"1,2",2,,300,100,,,,677.7097737165045,0.10562830510632516,0.4124928246998649,1.698477812581851,0.3190725477545207,1325.3032373944045,399.008134088996,2.0677479987997254,295.8523849903674,,301.2101184836623,285.1369180037777,,,,/root/hs/paper2_layer_pruning/results/day12_rtp_gate/rtd_scores/rtp_gate_structure_drop_1_2.json
rtp_gate_structure_drop_1_20,"1,20",2,,300,100,,,,316.69121650740095,0.02406488142530652,0.11962433740564783,0.4083356636359446,0.15831484647876992,798.8634642910217,10.496893002072438,0.46467777640634106,143.72467019475252,,142.69397939278883,145.78605179868018,,,,/root/hs/paper2_layer_pruning/results/day12_rtp_gate/rtd_scores/rtp_gate_structure_drop_1_20.json
rtp_gate_structure_drop_1_20_24,"1,20,24",3,,300,100,,,,422.43673731307734,0.04978488498817659,0.26440273414739035,0.9191681160971753,0.2020174297915466,962.5140097392355,35.83250541561271,0.7834905115373906,184.63996864846396,,184.15398791976259,185.61193010586655,,,,/root/hs/paper2_layer_pruning/results/day12_rtp_gate/rtd_scores/rtp_gate_structure_drop_1_20_24.json
rtp_gate_structure_drop_1_21,"1,21",2,,300,100,,,,28.097770233977382,0.022268910306892063,0.09710064103797743,0.3816079060700186,0.16224215722195223,61.124459316018026,5.356415516691701,0.6051170837713222,12.298463664604858,,10.297440645216124,16.300509703382325,,,,/root/hs/paper2_layer_pruning/results/day12_rtp_gate/rtd_scores/rtp_gate_structure_drop_1_21.json
rtp_gate_structure_drop_1_21_24,"1,21,24",3,,300,100,,,,103.06283862616952,0.047995411785177584,0.23344394024542675,0.8507798485932951,0.210271726556939,137.22810538121925,44.438013995796716,0.9641833981501738,39.1967260378586,,36.716912120764164,44.15635387204748,,,,/root/hs/paper2_layer_pruning/results/day12_rtp_gate/rtd_scores/rtp_gate_structure_drop_1_21_24.json
rtp_gate_structure_drop_1_22,"1,22",2,,300,100,,,,28.956673191020872,0.02305006977374745,0.10513855916419332,0.5206184345232734,0.18091501154582296,58.56637999323249,19.75153313415407,0.44963288653723094,13.046144732149985,,13.755827382735553,11.62677943097886,,,,/root/hs/paper2_layer_pruning/results/day12_rtp_gate/rtd_scores/rtp_gate_structure_drop_1_22.json
rtp_gate_structure_drop_1_22_24,"1,22,24",3,,300,100,,,,165.154784010329,0.05894269583140737,0.27803693362784726,1.22702429152573,0.24935872023171293,139.78605939623682,88.8571434751357,1.0346992606207452,57.21713063950866,,57.51771834461771,56.61595522929056,,,,/root/hs/paper2_layer_pruning/results/day12_rtp_gate/rtd_scores/rtp_gate_structure_drop_1_22_24.json
rtp_gate_structure_drop_1_23,"1,23",2,,300,100,,,,18.844089528840165,0.019080895083219227,0.09032573394515808,0.34596465963473966,0.14684327759845114,43.88215247068845,2.1308593346988456,0.5377407539356726,8.433209624669301,,8.646549297809973,8.00653027838794,,,,/root/hs/paper2_layer_pruning/results/day12_rtp_gate/rtd_scores/rtp_gate_structure_drop_1_23.json
rtp_gate_structure_drop_1_23_24,"1,23,24",3,,300,100,,,,183.51139560271884,0.059376540552283634,0.28862086353405625,0.7980688516290255,0.19754771161477702,239.59960408340675,24.90725394540009,1.1566973967781182,66.53089382622869,,66.80583970216522,65.98100207435566,,,,/root/hs/paper2_layer_pruning/results/day12_rtp_gate/rtd_scores/rtp_gate_structure_drop_1_23_24.json
rtp_gate_structure_drop_1_24,"1,24",2,,300,100,,,,18.767917409143553,0.025527535588495708,0.12941174267244798,0.5366670544822604,0.1650962633146755,9.704613768574996,6.688978075676192,0.5704102573592216,5.946630170160664,,5.90096618463001,6.037958141221972,,,,/root/hs/paper2_layer_pruning/results/day12_rtp_gate/rtd_scores/rtp_gate_structure_drop_1_24.json
rtp_gate_structure_drop_1_24_25,"1,24,25",3,,300,100,,,,1347.9142541378021,0.09778146603805833,0.45948782582373715,1.0426594832539409,0.2430815111823624,941.2812488755642,149.05347843869995,1.5113311590247598,420.0614215241584,,421.0046244414964,418.17501568948245,,,,/root/hs/paper2_layer_pruning/results/day12_rtp_gate/rtd_scores/rtp_gate_structure_drop_1_24_25.json
rtp_gate_structure_drop_1_25,"1,25",2,,300,100,,,,29.10800122637774,0.026765999592219078,0.1328443242705662,0.41521154774142377,0.15957043781857652,20.882744899213545,11.320265917264603,0.5362303115136678,9.63806571136556,,10.679059305358336,7.556078523379977,,,,/root/hs/paper2_layer_pruning/results/day12_rtp_gate/rtd_scores/rtp_gate_structure_drop_1_25.json
rtp_gate_structure_drop_1_2_24,"1,2,24",3,,300,100,,,,842.5426958570481,0.13323842825895812,0.44712048861354164,2.200916253740081,0.3831990885887119,1442.6476242963486,539.6492191314862,1.9283700971775841,353.56658800573,,357.4414305093282,345.81690299853284,,,,/root/hs/paper2_layer_pruning/results/day12_rtp_gate/rtd_scores/rtp_gate_structure_drop_1_2_24.json
rtp_gate_structure_drop_1_2_9_24,"1,2,9,24",4,,300,100,,,,1509.3960258050754,0.18316913141527474,0.5210277739987179,2.7136991927423937,0.4639231556686435,2647.113942398892,1047.2037988094983,1.4815347060192352,642.102144976129,,634.6220500339537,657.0623348604793,,,,/root/hs/paper2_layer_pruning/results/day12_rtp_gate/rtd_scores/rtp_gate_structure_drop_1_2_9_24.json
rtp_gate_structure_drop_1_3,"1,3",2,,300,100,,,,86.3326926670046,0.037731437876519995,0.17850366608394097,0.724834236090984,0.19201232821673173,169.18747612614973,18.312004215556904,0.9874063753940393,36.23476129960241,,38.926346113423534,30.851591671960254,,,,/root/hs/paper2_layer_pruning/results/day12_rtp_gate/rtd_scores/rtp_gate_structure_drop_1_3.json
rtp_gate_structure_drop_1_3_24,"1,3,24",3,,300,100,,,,135.87618581820433,0.05768734725366006,0.2546862687305134,1.0786730434025094,0.22885270933300114,209.1457887521164,31.535184600968993,1.2268898106038422,52.55981726745196,,53.962557278838176,49.75433724467945,,,,/root/hs/paper2_layer_pruning/results/day12_rtp_gate/rtd_scores/rtp_gate_structure_drop_1_3_24.json
rtp_gate_structure_drop_1_3_9_24,"1,3,9,24",4,,300,100,,,,306.5497323950502,0.08581824550878565,0.3368184454132925,1.5545470566959392,0.2871442507771176,503.5034035877904,50.789721284932625,1.329537765077217,119.83823949522117,,124.76935870708265,109.97600107149815,,,,/root/hs/paper2_layer_pruning/results/day12_rtp_gate/rtd_scores/rtp_gate_structure_drop_1_3_9_24.json
rtp_gate_structure_drop_1_4,"1,4",2,,300,100,,,,302.01145667494416,0.07136417337890669,0.30591846383000115,1.2300186192321314,0.25590518492546743,602.9719703931474,62.53582744386683,1.7738558136549452,127.20719403708746,,133.02752384201952,115.56653442722336,,,,/root/hs/paper2_layer_pruning/results/day12_rtp_gate/rtd_scores/rtp_gate_structure_drop_1_4.json
rtp_gate_structure_drop_1_4_24,"1,4,24",3,,300,100,,,,419.59600659829925,0.09511409616418516,0.3653098996023388,1.6519612944926387,0.3022841285435299,726.3002062888377,93.25935611044987,1.8120918225763731,168.08840926038562,,173.11944995366557,158.02632787382544,,,,/root/hs/paper2_layer_pruning/results/day12_rtp_gate/rtd_scores/rtp_gate_structure_drop_1_4_24.json
rtp_gate_structure_drop_1_4_9_24,"1,4,9,24",4,,300,100,,,,942.1797746128051,0.1410671510324952,0.4749655582527502,2.159303597091175,0.38139407583998164,1688.590302226522,588.7042288726274,1.93617587084161,400.60349817785936,,410.43162578526056,380.9472429630571,,,,/root/hs/paper2_layer_pruning/results/day12_rtp_gate/rtd_scores/rtp_gate_structure_drop_1_4_9_24.json
rtp_gate_structure_drop_1_5,"1,5",2,,300,100,,,,105.48551423797134,0.04444898264420382,0.225364372460557,0.854465271746364,0.20207373396091408,196.58842025693397,21.93884712313293,1.388648083505875,43.441123096447505,,43.730655764134866,42.86205776107276,,,,/root/hs/paper2_layer_pruning/results/day12_rtp_gate/rtd_scores/rtp_gate_structure_drop_1_5.json
rtp_gate_structure_drop_1_5_24,"1,5,24",3,,300,100,,,,174.7929262187373,0.0657820384825186,0.3020930512490176,1.2434756175933435,0.24172526536876915,260.6923832980268,40.81273509766386,1.4168392156797316,66.91878113582692,,65.70632071011221,69.34370198725637,,,,/root/hs/paper2_layer_pruning/results/day12_rtp_gate/rtd_scores/rtp_gate_structure_drop_1_5_24.json
rtp_gate_structure_drop_1_5_9_24,"1,5,9,24",4,,300,100,,,,514.7989380605322,0.10971941445270271,0.414534525021499,1.9103070281476524,0.3384453169547747,875.0304785886428,202.37391408744293,1.564274165547361,209.28575973249076,,213.07835206698275,201.7005750635068,,,,/root/hs/paper2_layer_pruning/results/day12_rtp_gate/rtd_scores/rtp_gate_structure_drop_1_5_9_24.json
rtp_gate_structure_drop_1_6,"1,6",2,,300,100,,,,65.09780137951746,0.028831879885154697,0.13727591511787424,0.6517475660989699,0.17973591560077282,129.34778458563702,26.157314103377914,1.2272507333749885,28.12074569835614,,29.537900673820353,25.286435747427713,,,,/root/hs/paper2_layer_pruning/results/day12_rtp_gate/rtd_scores/rtp_gate_structure_drop_1_6.json
rtp_gate_structure_drop_1_6_24,"1,6,24",3,,300,100,,,,111.22320911445604,0.04927617143256263,0.23395682301465787,1.023019343192504,0.21734365894792196,165.60137920186438,28.231432135376192,1.3413124051123946,42.73828721942022,,43.02440696158152,42.16604773509757,,,,/root/hs/paper2_layer_pruning/results/day12_rtp_gate/rtd_scores/rtp_gate_structure_drop_1_6_24.json
rtp_gate_structure_drop_1_6_9_24,"1,6,9,24",4,,300,100,,,,285.96373775937894,0.08221856567807723,0.3280366019286859,1.495414222066878,0.27950807455738863,477.6463454895976,58.951383681581355,1.9352410001988554,113.04388867597673,,115.73634120621992,107.65898361549041,,,,/root/hs/paper2_layer_pruning/results/day12_rtp_gate/rtd_scores/rtp_gate_structure_drop_1_6_9_24.json
rtp_gate_structure_drop_1_7,"1,7",2,,300,100,,,,71.37845017973436,0.04471570218884281,0.20633278950118214,0.8089213991073875,0.2071001870348449,126.81249707309733,70.52648249687783,1.446901091949713,31.75485945269201,,33.51009629956368,28.244385758948667,,,,/root/hs/paper2_layer_pruning/results/day12_rtp_gate/rtd_scores/rtp_gate_structure_drop_1_7.json
rtp_gate_structure_drop_1_7_24,"1,7,24",3,,300,100,,,,131.84649348677817,0.06520110484535832,0.2753294197241203,1.16137604829832,0.24065168695780373,182.70228848526835,68.3426075172611,1.5090369679401443,51.30660549286803,,52.2852332905667,49.34934989747057,,,,/root/hs/paper2_layer_pruning/results/day12_rtp_gate/rtd_scores/rtp_gate_structure_drop_1_7_24.json
rtp_gate_structure_drop_1_7_9_24,"1,7,9,24",4,,300,100,,,,434.7311280164214,0.10943354108321225,0.39308743848796185,1.7479934830959571,0.3264913018566048,704.4858081754436,145.7875115291571,2.2918157474141707,172.79620417031347,,180.5020936321237,157.3844252466931,,,,/root/hs/paper2_layer_pruning/results/day12_rtp_gate/rtd_scores/rtp_gate_structure_drop_1_7_9_24.json
rtp_gate_structure_drop_1_8,"1,8",2,,300,100,,,,33.45972215904331,0.028850040078579966,0.13103903706772804,0.6366412384432355,0.17859905924063985,62.115266728799334,19.262407858406448,0.7879084543620837,14.466993563624449,,13.868168455393743,15.664643780085855,,,,/root/hs/paper2_layer_pruning/results/day12_rtp_gate/rtd_scores/rtp_gate_structure_drop_1_8.json
rtp_gate_structure_drop_1_8_24,"1,8,24",3,,300,100,,,,77.42439051318497,0.04863551950249908,0.22097660544783912,0.9861086876718062,0.21345624438476837,95.76534440835029,23.831764712469813,0.9526316274167391,28.458181493601327,,27.9824141307846,29.409716219234742,,,,/root/hs/paper2_layer_pruning/results/day12_rtp_gate/rtd_scores/rtp_gate_structure_drop_1_8_24.json
rtp_gate_structure_drop_1_8_9_24,"1,8,9,24",4,,300,100,,,,268.9099794752842,0.08579891156301854,0.3412562304244881,1.5981016964640693,0.2895165054011914,406.12651994215435,68.78428057442733,1.4588516397067983,103.5504837021577,,107.25075557620663,96.14993995405993,,,,/root/hs/paper2_layer_pruning/results/day12_rtp_gate/rtd_scores/rtp_gate_structure_drop_1_8_9_24.json
rtp_gate_structure_drop_1_9,"1,9",2,,300,100,,,,20.022659522067332,0.0253628289101058,0.11976861705420869,0.5253946083815071,0.1692111792592209,35.85596678507132,4.225112911820178,0.8610496335585545,8.238100765200995,,7.5536169196846945,9.60706845623359,,,,/root/hs/paper2_layer_pruning/results/day12_rtp_gate/rtd_scores/rtp_gate_structure_drop_1_9.json
rtp_gate_structure_drop_1_9_10_24,"1,9,10,24",4,,300,100,,,,196.90483680261607,0.07227364830050903,0.3094209950450602,1.3433017696648277,0.25826716017102774,304.5937376121982,44.911400551082586,1.4980933040661473,76.18594635676426,,76.57447424243738,75.40889058541818,,,,/root/hs/paper2_layer_pruning/results/day12_rtp_gate/rtd_scores/rtp_gate_structure_drop_1_9_10_24.json
rtp_gate_structure_drop_1_9_11_24,"1,9,11,24",4,,300,100,,,,345.4555611622507,0.09164969403545387,0.36766573121513135,1.616648611255257,0.30354873115038356,531.3874637302036,58.6219395750556,1.6374434929897563,132.21598107686347,,138.66756737554505,119.31280847949995,,,,/root/hs/paper2_layer_pruning/results/day12_rtp_gate/rtd_scores/rtp_gate_structure_drop_1_9_11_24.json
rtp_gate_structure_drop_1_9_12_24,"1,9,12,24",4,,300,100,,,,208.81234999595446,0.07356744821866257,0.32132608798098317,1.2760617441715847,0.26243075939870864,301.6735530685907,37.86735421017603,1.562477058055173,78.57193192874897,,83.54976115569467,68.6162734748577,,,,/root/hs/paper2_layer_pruning/results/day12_rtp_gate/rtd_scores/rtp_gate_structure_drop_1_9_12_24.json
rtp_gate_structure_drop_1_9_13_24,"1,9,13,24",4,,300,100,,,,349.0400824982979,0.09166607243380726,0.36693142903849624,1.6920129814957654,0.3147689444280621,537.6351992866697,80.9730128183849,1.6023418286156088,134.740399330633,,130.92143095195158,142.37833608799582,,,,/root/hs/paper2_layer_pruning/results/day12_rtp_gate/rtd_scores/rtp_gate_structure_drop_1_9_13_24.json
rtp_gate_structure_drop_1_9_14_24,"1,9,14,24",4,,300,100,,,,212.27014414718516,0.07052748606661062,0.31745628134284265,1.2665659896908865,0.24997885684078394,356.2334510944098,32.24314573306432,1.4810558417159434,83.51290781850203,,88.76436775422347,73.00998794705912,,,,/root/hs/paper2_layer_pruning/results/day12_rtp_gate/rtd_scores/rtp_gate_structure_drop_1_9_14_24.json
rtp_gate_structure_drop_1_9_15_24,"1,9,15,24",4,,300,100,,,,295.92943317513306,0.0830996768001672,0.3325049315735902,1.7646493349568217,0.3131242733617437,486.9291946881029,82.67469053816815,1.5426662540563258,117.49297855504199,,118.03889270771971,116.40115024968658,,,,/root/hs/paper2_layer_pruning/results/day12_rtp_gate/rtd_scores/rtp_gate_structure_drop_1_9_15_24.json
rtp_gate_structure_drop_1_9_16_24,"1,9,16,24",4,,300,100,,,,278.383853105751,0.07000165343481203,0.3098986681365199,1.2547986500350246,0.24497943662816737,513.2317763096197,75.85895588380878,1.566030032192714,114.78189721569237,,108.49195838005885,127.36177488695945,,,,/root/hs/paper2_layer_pruning/results/day12_rtp_gate/rtd_scores/rtp_gate_structure_drop_1_9_16_24.json
rtp_gate_structure_drop_1_9_17_24,"1,9,17,24",4,,300,100,,,,227.40250009521492,0.06721187337492808,0.3015776550623597,1.3078115546876143,0.2652524872902328,396.62455180543753,58.89552190920104,1.0883578620349166,91.84893134557925,,94.5161230185678,86.514547999602,,,,/root/hs/paper2_layer_pruning/results/day12_rtp_gate/rtd_scores/rtp_gate_structure_drop_1_9_17_24.json
rtp_gate_structure_drop_1_9_18_24,"1,9,18,24",4,,300,100,,,,385.12459365487626,0.0681092792390603,0.3133365999714941,1.3691151413860358,0.2566967775060657,806.0897068944199,34.776184940249934,1.1592041601418976,162.8437994879081,,165.13751125985706,158.25637594401033,,,,/root/hs/paper2_layer_pruning/results/day12_rtp_gate/rtd_scores/rtp_gate_structure_drop_1_9_18_24.json
rtp_gate_structure_drop_1_9_19_24,"1,9,19,24",4,,300,100,,,,186.99839249274035,0.06645532455049029,0.29566539459499325,1.3092751470381991,0.2503519712550023,299.9847276345856,38.633772890050665,1.7102199523060664,73.02621201333626,,68.81556918409836,81.44749767181207,,,,/root/hs/paper2_layer_pruning/results/day12_rtp_gate/rtd_scores/rtp_gate_structure_drop_1_9_19_24.json
rtp_gate_structure_drop_1_9_20_24,"1,9,20,24",4,,300,100,,,,510.03362535044016,0.07135270570521507,0.3388973216603964,1.3527333271650397,0.24652070688876174,1101.7103190998546,53.12282456609011,1.2909061419245715,218.64424949461957,,218.37803939052753,219.17666970280385,,,,/root/hs/paper2_layer_pruning/results/day12_rtp_gate/rtd_scores/rtp_gate_structure_drop_1_9_20_24.json
rtp_gate_structure_drop_1_9_21_24,"1,9,21,24",4,,300,100,,,,184.42402228560266,0.06997068758418692,0.3194170720758682,1.2745333955964704,0.2535656710094843,243.7352426337081,95.96477489029178,1.3937989841067284,70.73585954699311,,69.044590843557,74.11839695386534,,,,/root/hs/paper2_layer_pruning/results/day12_rtp_gate/rtd_scores/rtp_gate_structure_drop_1_9_21_24.json
rtp_gate_structure_drop_1_9_22_24,"1,9,22,24",4,,300,100,,,,280.60675312133105,0.08145418563167496,0.34858415825413513,1.6330965060754548,0.3017785929362717,284.0971907548738,120.31998985061315,1.5415182006074333,99.29921547363438,,98.70044586849058,100.49675468392199,,,,/root/hs/paper2_layer_pruning/results/day12_rtp_gate/rtd_scores/rtp_gate_structure_drop_1_9_22_24.json
rtp_gate_structure_drop_1_9_23_24,"1,9,23,24",4,,300,100,,,,257.58874903910385,0.07677098895321986,0.3659356226979577,1.1354770113095165,0.2376699353750854,353.66786136444074,47.45434924530945,1.7657967263516392,95.39676316690098,,95.21545563362551,95.75937823345207,,,,/root/hs/paper2_layer_pruning/results/day12_rtp_gate/rtd_scores/rtp_gate_structure_drop_1_9_23_24.json
rtp_gate_structure_drop_1_9_24,"1,9,24",3,,300,100,,,,55.75895734256175,0.044255221915725076,0.2058799205545251,0.8823686455300632,0.19969779506710228,62.61653533719378,11.754424961467533,1.2099998926806481,19.776356410760762,,18.78703483195445,21.754999568373407,,,,/root/hs/paper2_layer_pruning/results/day12_rtp_gate/rtd_scores/rtp_gate_structure_drop_1_9_24.json
rtp_gate_structure_drop_1_9_24_25,"1,9,24,25",4,,300,100,,,,1382.76244967462,0.11448091580951388,0.502558483577122,1.1857449680337953,0.25993361652849034,996.9545705150988,134.83472130091556,1.819546576774684,432.5613414322203,,436.11008212974184,425.46386003717686,,,,/root/hs/paper2_layer_pruning/results/day12_rtp_gate/rtd_scores/rtp_gate_structure_drop_1_9_24_25.json
rtp_gate_structure_drop_2,2,1,,300,100,2,2,5,50.74975918163579,0.02493988892262183,0.13969937876334562,0.5886049120207711,0.1745123262675482,102.46715965672513,30.152756466085776,0.6200009473394211,22.54843648539529,,24.500055145707485,18.645199164770858,,,,/root/hs/paper2_layer_pruning/results/day12_rtp_gate/rtd_scores/rtp_gate_structure_drop_2.json
rtp_gate_structure_drop_20,20,1,,300,100,20,20,4,316.8866689624657,0.017715688382281054,0.07940948157619196,0.2966748430413185,0.14769210989806758,805.9006702813253,7.988845460902251,0.2859910276764434,144.17897346086593,,141.81217896747762,148.91256244764247,,,,/root/hs/paper2_layer_pruning/results/day12_rtp_gate/rtd_scores/rtp_gate_structure_drop_20.json
rtp_gate_structure_drop_21,21,1,,300,100,21,21,3,18.195550272844343,0.014800253940541313,0.07001038690036403,0.2826184529215047,0.15179667249412904,40.46865413887318,2.5661820283209633,0.3335441746213688,7.998768806653839,,6.51414239945631,10.968021621048885,,,,/root/hs/paper2_layer_pruning/results/day12_rtp_gate/rtd_scores/rtp_gate_structure_drop_21.json
rtp_gate_structure_drop_22,22,1,,300,100,22,22,0,24.70149561333884,0.01640562085490805,0.0711895735707321,0.39277069238423895,0.16968935767659712,53.435704636811494,4.616856643698607,0.21778872267130633,10.779300642786206,,11.558584989923718,9.220731948511178,,,,/root/hs/paper2_layer_pruning/results/day12_rtp_gate/rtd_scores/rtp_gate_structure_drop_22.json
rtp_gate_structure_drop_23,23,1,,300,100,23,23,7,14.893266824491663,0.012915233565108446,0.0551242791675116,0.2317727476839741,0.13924957236256783,37.28426831932286,0.6881650669522803,0.20714766008218558,6.8080365847253415,,7.1124650638023965,6.199179626571237,,,,/root/hs/paper2_layer_pruning/results/day12_rtp_gate/rtd_scores/rtp_gate_structure_drop_23.json
rtp_gate_structure_drop_24,24,1,,300,100,24,24,6,16.229091338675868,0.017204700444166873,0.08154740984173307,0.4361897231596036,0.1594099283093624,4.981065939302863,3.5080134886046297,0.24208079334801066,4.737540424838437,,4.832464681065639,4.54769191238403,,,,/root/hs/paper2_layer_pruning/results/day12_rtp_gate/rtd_scores/rtp_gate_structure_drop_24.json
rtp_gate_structure_drop_25,25,1,,300,100,25,25,0,32.484733267396315,0.021048275134990746,0.09581723222212536,0.3373465879281259,0.1537695490470194,24.686961393701736,5.602133076645441,0.3327522445163274,10.473697189409693,,11.445885920147322,8.529319727934416,,,,/root/hs/paper2_layer_pruning/results/day12_rtp_gate/rtd_scores/rtp_gate_structure_drop_25.json
rtp_gate_structure_drop_3,3,1,,300,100,3,3,0,11.43198314045545,0.012996983288078448,0.06464725850002197,0.3002480471338202,0.14951358110132124,20.231546152899412,15.607525717552713,0.3633029003911001,5.3434529901861625,,6.424112236464151,3.1821344976301833,,,,/root/hs/paper2_layer_pruning/results/day12_rtp_gate/rtd_scores/rtp_gate_structure_drop_3.json
rtp_gate_structure_drop_4,4,1,,300,100,4,4,0,101.52134661959104,0.04324629595789824,0.19095445910342937,0.8014339489358387,0.20341147998242684,208.24026257233933,21.941532053806835,1.354929349965567,43.367815179850396,,43.681155332930345,42.7411348736905,,,,/root/hs/paper2_layer_pruning/results/day12_rtp_gate/rtd_scores/rtp_gate_structure_drop_4.json
rtp_gate_structure_drop_5,5,1,,300,100,5,5,0,29.02739442723775,0.024622499027738526,0.12711858631154116,0.552758267392904,0.16903104604388802,54.34773512502359,5.414980029116027,0.8106300830147707,12.031158304072765,,13.016833641976195,10.059807628265895,,,,/root/hs/paper2_layer_pruning/results/day12_rtp_gate/rtd_scores/rtp_gate_structure_drop_5.json
rtp_gate_structure_drop_6,6,1,,300,100,6,6,0,16.106745768055475,0.014074422319618425,0.06381623928607012,0.4106047398095445,0.15746499631095454,31.447465754906542,10.100968291600788,0.38889561612877654,7.152530984144557,,7.739532407208781,5.9785281380161,,,,/root/hs/paper2_layer_pruning/results/day12_rtp_gate/rtd_scores/rtp_gate_structure_drop_6.json
rtp_gate_structure_drop_7,7,1,,300,100,7,7,0,34.25914058824782,0.03246964408666676,0.14189323635764498,0.6240400935830741,0.19004064998791745,59.22718863373722,2.310448183668046,0.6717700813275439,13.585092050622926,,13.343285155702558,14.068705840463668,,,,/root/hs/paper2_layer_pruning/results/day12_rtp_gate/rtd_scores/rtp_gate_structure_drop_7.json
rtp_gate_structure_drop_8,8,1,,300,100,8,8,0,12.116718975228824,0.01724520473212482,0.07941190378194353,0.4578929686346359,0.16174377159440173,22.21195054727648,14.234653957468721,0.43251070589201324,5.635043158572159,,6.096502422719022,4.712124630278426,,,,/root/hs/paper2_layer_pruning/results/day12_rtp_gate/rtd_scores/rtp_gate_structure_drop_8.json
rtp_gate_structure_drop_9,9,1,,300,100,9,9,0,9.894656464522097,0.0159007248170014,0.07416900630421419,0.3889151996879373,0.1562168086949709,17.404804873337287,1.7649502324065285,0.46395468938621176,4.060800647428663,,3.4498208789538025,5.282760184378377,,,,/root/hs/paper2_layer_pruning/results/day12_rtp_gate/rtd_scores/rtp_gate_structure_drop_9.json
single_layer_0,0,1,,300,100,0,0,0,657.3287685877649,0.07667263093949193,0.37988847187536884,1.351327458932815,0.26162611623110993,1354.4293645572968,1060.809746101112,1.646850525644745,326.09254871242007,,322.13201987494244,334.0136063873759,,,,/root/hs/paper2_layer_pruning/results/day12_rtp_gate/rtd_scores/single_layer_0.json
single_layer_1,1,1,,300,100,1,1,0,1.3932916395035007,0.007673776867942394,0.03508709803802471,0.17783120012773232,0.1381841365426185,1.6075997144410297,1.2908512069089275,0.35169004146440674,0.6026784872505351,,0.5677944513765079,0.6724465589985907,,,,/root/hs/paper2_layer_pruning/results/day12_rtp_gate/rtd_scores/single_layer_1.json
single_layer_10,10,1,,300,100,10,10,0,18.278629191045894,0.019793259214731188,0.09640317671377745,0.5006312394395936,0.1706924975091237,30.12220849927525,7.297998319630069,0.48098200365848964,7.473760372663907,,8.39172312812811,5.637834861735504,,,,/root/hs/paper2_layer_pruning/results/day12_rtp_gate/rtd_scores/single_layer_10.json
single_layer_11,11,1,,300,100,11,11,2,32.596182467815574,0.022318788438834163,0.10351740291161672,0.5197098393495445,0.17455213389023722,54.71501650807082,1.9978091761972867,0.4847910960820159,12.760485721899895,,13.726647073102086,10.8281630194955,,,,/root/hs/paper2_layer_pruning/results/day12_rtp_gate/rtd_scores/single_layer_11.json
single_layer_12,12,1,,300,100,12,12,0,17.564132693575235,0.01951095953745671,0.108606622341936,0.33404324474387975,0.15660399597618846,32.076513643888894,3.046659776894488,0.7074041493404764,7.223353272100504,,7.937727452169995,5.7946049119615,,,,/root/hs/paper2_layer_pruning/results/day12_rtp_gate/rtd_scores/single_layer_12.json
single_layer_13,13,1,,300,100,13,13,0,36.84442995963745,0.027973423736656795,0.1543222171892242,0.6090294938291666,0.18668687838861764,62.52250759474346,10.243883871333496,0.5690503428992295,14.886070965535707,,14.923889174524518,14.810434547558053,,,,/root/hs/paper2_layer_pruning/results/day12_rtp_gate/rtd_scores/single_layer_13.json
single_layer_14,14,1,,300,100,14,14,0,37.628426551556274,0.021539129371133947,0.1230333355748652,0.36905740568484635,0.15150934599036392,80.74782244253963,4.844099158325152,0.6373537771702457,16.227473131370104,,15.742774869922211,17.196869654265896,,,,/root/hs/paper2_layer_pruning/results/day12_rtp_gate/rtd_scores/single_layer_14.json
single_layer_15,15,1,,300,100,15,15,0,57.83290547781648,0.02487492969550168,0.1139002320244369,0.5913499210617228,0.18481921530455236,132.24070324578963,8.987181350862052,0.4146572970798951,25.632174920382162,,24.781781977657534,27.332960805831444,,,,/root/hs/paper2_layer_pruning/results/day12_rtp_gate/rtd_scores/single_layer_15.json
single_layer_16,16,1,,300,100,16,16,0,164.32987177742248,0.024298949062405612,0.13033477459068302,0.4001520777403367,0.1551728115262416,414.81668225302667,31.265856281979154,0.5355003833083716,75.95197947386252,,72.81796418209402,82.22001005739969,,,,/root/hs/paper2_layer_pruning/results/day12_rtp_gate/rtd_scores/single_layer_16.json
single_layer_17,17,1,,300,100,17,17,0,74.74196485587578,0.019638120247749094,0.09732696391835166,0.4037265556888285,0.16590997918001174,175.1532533522021,4.7634163728581695,0.339328182031809,33.044779315572974,,32.231804920050166,34.67072810661854,,,,/root/hs/paper2_layer_pruning/results/day12_rtp_gate/rtd_scores/single_layer_17.json
single_layer_18,18,1,,300,100,18,18,1,290.57278068590784,0.02179573480474523,0.10166448204451708,0.38938877531984045,0.15828004657957176,735.8441883029012,9.751290274688557,0.3532367437784205,132.1058334447221,,128.06402609012395,140.18944815391845,,,,/root/hs/paper2_layer_pruning/results/day12_rtp_gate/rtd_scores/single_layer_18.json
single_layer_19,19,1,,300,100,19,19,0,41.233433744607304,0.015592155150990633,0.08008736685641618,0.36959014020833997,0.15878640530910018,101.69432836777456,6.283895993331415,0.5849684542129162,18.86763509792668,,16.977963720759824,22.646977852260385,,,,/root/hs/paper2_layer_pruning/results/day12_rtp_gate/rtd_scores/single_layer_19.json
single_layer_2,2,1,,300,100,2,2,5,50.74975918163579,0.02493988892262183,0.13969937876334562,0.5886049120207711,0.1745123262675482,102.46715965672513,30.152756466085776,0.6200009473394211,22.54843648539529,,24.500055145707485,18.645199164770858,,,,/root/hs/paper2_layer_pruning/results/day12_rtp_gate/rtd_scores/single_layer_2.json
single_layer_20,20,1,,300,100,20,20,4,316.8866689624657,0.017715688382281054,0.07940948157619196,0.2966748430413185,0.14769210989806758,805.9006702813253,7.988845460902251,0.2859910276764434,144.17897346086593,,141.81217896747762,148.91256244764247,,,,/root/hs/paper2_layer_pruning/results/day12_rtp_gate/rtd_scores/single_layer_20.json
single_layer_21,21,1,,300,100,21,21,3,18.195550272844343,0.014800253940541313,0.07001038690036403,0.2826184529215047,0.15179667249412904,40.46865413887318,2.5661820283209633,0.3335441746213688,7.998768806653839,,6.51414239945631,10.968021621048885,,,,/root/hs/paper2_layer_pruning/results/day12_rtp_gate/rtd_scores/single_layer_21.json
single_layer_22,22,1,,300,100,22,22,0,24.70149561333884,0.01640562085490805,0.0711895735707321,0.39277069238423895,0.16968935767659712,53.435704636811494,4.616856643698607,0.21778872267130633,10.779300642786206,,11.558584989923718,9.220731948511178,,,,/root/hs/paper2_layer_pruning/results/day12_rtp_gate/rtd_scores/single_layer_22.json
single_layer_23,23,1,,300,100,23,23,7,14.893266824491663,0.012915233565108446,0.0551242791675116,0.2317727476839741,0.13924957236256783,37.28426831932286,0.6881650669522803,0.20714766008218558,6.8080365847253415,,7.1124650638023965,6.199179626571237,,,,/root/hs/paper2_layer_pruning/results/day12_rtp_gate/rtd_scores/single_layer_23.json
single_layer_24,24,1,,300,100,24,24,6,16.229091338675868,0.017204700444166873,0.08154740984173307,0.4361897231596036,0.1594099283093624,4.981065939302863,3.5080134886046297,0.24208079334801066,4.737540424838437,,4.832464681065639,4.54769191238403,,,,/root/hs/paper2_layer_pruning/results/day12_rtp_gate/rtd_scores/single_layer_24.json
single_layer_25,25,1,,300,100,25,25,0,32.484733267396315,0.021048275134990746,0.09581723222212536,0.3373465879281259,0.1537695490470194,24.686961393701736,5.602133076645441,0.3327522445163274,10.473697189409693,,11.445885920147322,8.529319727934416,,,,/root/hs/paper2_layer_pruning/results/day12_rtp_gate/rtd_scores/single_layer_25.json
single_layer_3,3,1,,300,100,3,3,0,11.43198314045545,0.012996983288078448,0.06464725850002197,0.3002480471338202,0.14951358110132124,20.231546152899412,15.607525717552713,0.3633029003911001,5.3434529901861625,,6.424112236464151,3.1821344976301833,,,,/root/hs/paper2_layer_pruning/results/day12_rtp_gate/rtd_scores/single_layer_3.json
single_layer_4,4,1,,300,100,4,4,0,101.52134661959104,0.04324629595789824,0.19095445910342937,0.8014339489358387,0.20341147998242684,208.24026257233933,21.941532053806835,1.354929349965567,43.367815179850396,,43.681155332930345,42.7411348736905,,,,/root/hs/paper2_layer_pruning/results/day12_rtp_gate/rtd_scores/single_layer_4.json
single_layer_5,5,1,,300,100,5,5,0,29.02739442723775,0.024622499027738526,0.12711858631154116,0.552758267392904,0.16903104604388802,54.34773512502359,5.414980029116027,0.8106300830147707,12.031158304072765,,13.016833641976195,10.059807628265895,,,,/root/hs/paper2_layer_pruning/results/day12_rtp_gate/rtd_scores/single_layer_5.json
single_layer_6,6,1,,300,100,6,6,0,16.106745768055475,0.014074422319618425,0.06381623928607012,0.4106047398095445,0.15746499631095454,31.447465754906542,10.100968291600788,0.38889561612877654,7.152530984144557,,7.739532407208781,5.9785281380161,,,,/root/hs/paper2_layer_pruning/results/day12_rtp_gate/rtd_scores/single_layer_6.json
single_layer_7,7,1,,300,100,7,7,0,34.25914058824782,0.03246964408666676,0.14189323635764498,0.6240400935830741,0.19004064998791745,59.22718863373722,2.310448183668046,0.6717700813275439,13.585092050622926,,13.343285155702558,14.068705840463668,,,,/root/hs/paper2_layer_pruning/results/day12_rtp_gate/rtd_scores/single_layer_7.json
single_layer_8,8,1,,300,100,8,8,0,12.116718975228824,0.01724520473212482,0.07941190378194353,0.4578929686346359,0.16174377159440173,22.21195054727648,14.234653957468721,0.43251070589201324,5.635043158572159,,6.096502422719022,4.712124630278426,,,,/root/hs/paper2_layer_pruning/results/day12_rtp_gate/rtd_scores/single_layer_8.json
single_layer_9,9,1,,300,100,9,9,0,9.894656464522097,0.0159007248170014,0.07416900630421419,0.3889151996879373,0.1562168086949709,17.404804873337287,1.7649502324065285,0.46395468938621176,4.060800647428663,,3.4498208789538025,5.282760184378377,,,,/root/hs/paper2_layer_pruning/results/day12_rtp_gate/rtd_scores/single_layer_9.json
smoke_drop_layer_24,24,1,,50,100,24,24,6,11.289086801520611,0.016238436989343064,0.07955221222384216,0.416719106121687,0.15676209070146657,4.023263794670089,1.9080554489848638,0.202859219766618,3.3406897706737255,3.3406897706737255,,,,,,/root/hs/paper2_layer_pruning/results/day12_rtp_gate/rtd_scores/smoke_drop_layer_24.json
