candidate_name,partition,trace_id,source_index,normalized_delta_nll,topk_union_jsd,late_jsd_spike,late_entropy_spike,entropy_monotonicity_violation,math_token_delta_nll,answer_token_delta_nll,overconfidence_collapse,rtd,token_count,token_mismatch
rtp_gate_structure_drop_1_8,calibration,gsm8k_dense_0050,86,48.01963346036552,0.03855606852981321,0.2823971297827,0.8726961970329283,0.17756097985575953,119.49071210482566,12.35407507469954,0.4941562784420908,22.399595527693375,131,False
rtp_gate_structure_drop_1_8,calibration,gsm8k_dense_0051,88,34.71384478384989,0.0455314501031412,0.17316338930412672,0.47003763914108276,0.19524479041436713,50.37268180241021,2.5904814336224855,1.8280855503198286,13.03512352817599,152,False
rtp_gate_structure_drop_1_8,calibration,gsm8k_dense_0052,90,3.4432903015238527,0.0167506035970923,0.07575324016017262,0.43862528987228844,0.16414196067775466,3.116645242723534,0.7292093092294311,0.16033980072104015,1.24961433650928,219,False
rtp_gate_structure_drop_1_8,calibration,gsm8k_dense_0053,91,142.2229601320448,0.03386639745756772,0.0962337740842224,0.7928889393806458,0.15591596761603327,115.54366390323962,29.168828149647563,0.815218395641244,46.44533924390209,152,False
rtp_gate_structure_drop_1_8,calibration,gsm8k_dense_0054,95,79.91356694587593,0.042923273557890204,0.1437980466004575,0.764475978910923,0.18235912421160605,40.09006602831911,248.03493740405716,2.3484480536511168,35.843485016571705,207,False
rtp_gate_structure_drop_1_8,calibration,gsm8k_dense_0055,96,11.70889414391346,0.027654824290799736,0.08900700969737148,0.5024311713874341,0.17185962619647552,10.835027800342063,31.335426322790585,0.6176565044448786,5.496382894477766,108,False
rtp_gate_structure_drop_1_8,calibration,gsm8k_dense_0056,103,14.44255630227454,0.0254644791246938,0.07287207996974401,0.6980509385466565,0.2093138971132441,22.029956365324498,7.117208153643449,0.5283372594359825,5.891182931585435,133,False
rtp_gate_structure_drop_1_8,calibration,gsm8k_dense_0057,104,29.361250888914984,0.04315435686699935,0.18177339200785764,1.1632491469383224,0.1880269411407899,50.24627136267973,7.306236534398808,0.2590666762902482,11.964012784206739,147,False
rtp_gate_structure_drop_1_8,calibration,gsm8k_dense_0058,105,15.015964480621065,0.03863957588306991,0.1391673120079234,0.5000262260437012,0.21425287937541726,22.660479557352787,1.412275201052586,0.28425906186046274,5.7730730495747755,101,False
rtp_gate_structure_drop_1_8,calibration,gsm8k_dense_0059,107,13.140855033173796,0.04188409443297605,0.15177318585599048,0.8134597833268344,0.20154892731244173,22.850132325502525,10.068672281512269,0.5439159240533528,5.810893570478003,190,False
rtp_gate_structure_drop_1_8,calibration,gsm8k_dense_0060,108,23.225011546035695,0.03646788563688505,0.11414840912648869,0.6351486310362814,0.22408908440845957,26.834069963885042,5.376116115599852,0.7767411631351298,8.394221619805023,209,False
rtp_gate_structure_drop_1_8,calibration,gsm8k_dense_0061,109,3.0870753852825947,0.021221930755200014,0.10684787539600765,0.814850294589996,0.14455501013289446,2.02268844627368,7.678745119997788,0.14279423094590685,1.4797631213073947,120,False
rtp_gate_structure_drop_1_8,calibration,gsm8k_dense_0062,110,17.089801222848468,0.03518035291264522,0.2011779200198967,0.9401925719808791,0.20297207137853682,32.95729858157437,8.69647112610968,1.276357961564059,7.59274731146836,217,False
rtp_gate_structure_drop_1_8,calibration,gsm8k_dense_0063,112,6.247204388230344,0.030812664182977706,0.1734672970150189,0.6986757602542638,0.21478377204197713,10.533705292430136,1.7488173861216314,0.26088584104784945,2.660219938747519,118,False
rtp_gate_structure_drop_1_8,calibration,gsm8k_dense_0064,113,4.005189809104102,0.037208739356850304,0.2915485217934274,0.8402129784226418,0.20551923417025514,4.489853888432441,2.839098876065554,0.597793040564427,1.7233661503101445,114,False
rtp_gate_structure_drop_1_8,calibration,gsm8k_dense_0065,114,20.050671390727686,0.03973988817807842,0.22850287160779326,0.9861979242414236,0.23527156794275986,43.86110417059471,6.8771281267446716,0.18020007002905558,9.085506046511606,213,False
rtp_gate_structure_drop_1_8,calibration,gsm8k_dense_0066,117,3.164642450511257,0.020559953010902788,0.048321546560528235,0.3739356540143489,0.1693554736319092,4.165715845779998,2.9293057984096365,1.858840048967669,1.4292116911607877,99,False
rtp_gate_structure_drop_1_8,calibration,gsm8k_dense_0067,118,37.18189534052675,0.04587826718334304,0.2055675862962128,1.237350393086671,0.33172009627864263,47.48650993528916,8.064749678197092,0.22270549736385234,13.76440812838753,159,False
rtp_gate_structure_drop_1_8,calibration,gsm8k_dense_0068,120,62.28567192301367,0.043968745201525515,0.15348796138240925,0.962478294968605,0.22498767116562565,96.49342604565123,5.767433921100232,1.378495684737304,23.832211667555512,133,False
rtp_gate_structure_drop_1_8,calibration,gsm8k_dense_0069,121,9.2255176748266,0.019881963713509514,0.07393157644071849,0.5474834859371186,0.11040246961135783,4.454278073377857,9.039149574592232,1.6472181646378687,3.2883991296782478,216,False
rtp_gate_structure_drop_1_8,calibration,gsm8k_dense_0070,123,33.8394494410536,0.040841392375151754,0.13908434553392707,0.8050930529832839,0.1701939892722048,74.86402204570051,0.5036627689111113,2.494897801189529,14.739960633744907,186,False
rtp_gate_structure_drop_1_8,calibration,gsm8k_dense_0071,126,25.70904907749168,0.018466550243187496,0.06675234306349756,0.38993390798568717,0.13389367576258396,4.555440979489734,1.0976905044539764,0.14892579810282314,6.937755389156321,112,False
rtp_gate_structure_drop_1_8,calibration,gsm8k_dense_0072,127,6.339657950882552,0.035624417569819794,0.0839880790259029,0.4995561476796861,0.1740566292565371,8.996426624101616,1.8223823762685254,0.5433291739394068,2.5288305955138295,103,False
rtp_gate_structure_drop_1_8,calibration,gsm8k_dense_0073,128,5.877938971988894,0.010704022877864258,0.06998216407806995,0.3618926130235194,0.10961999334347998,4.397921177913384,6.879492976720496,0.782808159001776,2.2742753524439925,294,False
rtp_gate_structure_drop_1_8,calibration,gsm8k_dense_0074,129,5.543426941683842,0.020322054390785212,0.10493435315193891,0.5411025165580208,0.15967618000444217,7.338644757379831,4.55835847811735,0.7146829950867883,2.3459846779679654,308,False
rtp_gate_structure_drop_1_8,calibration,gsm8k_dense_0075,130,18.465618314274938,0.02776083848313828,0.16101523175348775,0.9922925829887385,0.21563400450621417,30.533017049660774,12.474901152204017,0.12912969097688923,7.887512711379793,199,False
rtp_gate_structure_drop_1_8,calibration,gsm8k_dense_0076,131,8.607629994612386,0.032939694705948416,0.11326818450383697,0.413338840007782,0.19488838228152175,11.627152689285984,1.4244679636915347,0.5017080951155393,3.2777804727371396,80,False
rtp_gate_structure_drop_1_8,calibration,gsm8k_dense_0077,132,14.494450928366074,0.02978029649494987,0.12558360766369703,0.68716902944725,0.17220602709039315,15.488252161979464,2.1700150501713584,0.7519474817283438,5.14574550847235,260,False
rtp_gate_structure_drop_1_8,calibration,gsm8k_dense_0078,133,10.767749910206708,0.025762656847580563,0.11939986492311712,0.5425097599625587,0.1711334851629277,12.788391446105031,92.4889540528299,0.7196291379242629,8.489278731880253,171,False
rtp_gate_structure_drop_1_8,calibration,gsm8k_dense_0079,134,4.922546725966795,0.040190310921935146,0.23640452240379675,0.4993784725666046,0.17870447686640545,8.122142068142518,2.351066111756551,0.4989713395067032,2.153392359009345,101,False
rtp_gate_structure_drop_1_8,calibration,gsm8k_dense_0080,136,26.25645710360558,0.03145948528823564,0.12343731852622493,0.5094549097120762,0.14918055648484238,13.129136990260523,12.88666006216165,0.3093538482820182,8.386666989397712,113,False
rtp_gate_structure_drop_1_8,calibration,gsm8k_dense_0081,137,8.710711632669357,0.019877816788901458,0.07157951270244534,0.45211665108799926,0.09756801050650846,8.053001584766443,2.353335326693397,1.4634859990745888,3.090013473887528,253,False
rtp_gate_structure_drop_1_8,calibration,gsm8k_dense_0082,139,27.32800841539415,0.03363293250039353,0.07834470247176198,0.4067307226359844,0.1256616100190149,42.586802923710245,0.9446401578325077,0.7452919107190906,10.40737142468388,126,False
rtp_gate_structure_drop_1_8,calibration,gsm8k_dense_0083,140,65.59961937036809,0.018932352493441863,0.09453435181677484,0.5691953957080836,0.11380761817043275,136.80437369379067,1.6591819476624723,0.11984912790214759,27.546355847989084,162,False
rtp_gate_structure_drop_1_8,calibration,gsm8k_dense_0084,141,85.88912768019982,0.04668317732193952,0.20141526390097433,1.2058917090296746,0.23650874572402233,84.88598787052813,19.463923675801755,0.704835606018622,29.507700450152985,344,False
rtp_gate_structure_drop_1_8,calibration,gsm8k_dense_0085,142,1.7697319028166068,0.018832583385632214,0.061481512245824634,0.2668236885219812,0.17944945637265122,1.7277628738314519,0.41531924788775715,0.26295867840570164,0.6825189059031336,134,False
rtp_gate_structure_drop_1_8,calibration,gsm8k_dense_0086,143,6.439271427170395,0.024325665929934168,0.131707619946638,0.637415850162506,0.16707857067410162,8.209230146541612,1.7233544162323178,1.0150169612209616,2.5297796652275517,371,False
rtp_gate_structure_drop_1_8,calibration,gsm8k_dense_0087,145,28.40664968576382,0.042600837216092834,0.1316181786003828,0.7107221484184265,0.18564184559462674,31.218685713677893,4.498079656262575,0.5587399750646664,9.99899424466208,181,False
rtp_gate_structure_drop_1_8,calibration,gsm8k_dense_0088,146,58.64325235540008,0.021827772975112132,0.09524909038604641,0.7277971968054757,0.17362058676401185,109.28408302887036,6.671680805863564,1.4427310200861676,23.939581013146924,193,False
rtp_gate_structure_drop_1_8,calibration,gsm8k_dense_0089,149,12.300500648926581,0.025266599350553295,0.0908498253747762,0.5733642101287838,0.20626208554733916,9.705915778674491,6.936688687564416,0.6889027744884277,4.35079527164673,103,False
rtp_gate_structure_drop_1_8,calibration,gsm8k_dense_0090,152,3.1595958770707124,0.007669257646236294,0.05829704533362877,0.521346138417721,0.10827786329408551,2.9037782656895064,28.134820064810217,0.011315190835489375,2.5285495716652027,110,False
rtp_gate_structure_drop_1_8,calibration,gsm8k_dense_0091,154,11.399410541217318,0.024017567629959897,0.131920002145738,0.7062186628580089,0.21114902289226664,10.851205292661685,4.840253407330056,1.3524353085536898,4.165218005639097,234,False
rtp_gate_structure_drop_1_8,calibration,gsm8k_dense_0092,156,15.351496451614317,0.02434768122682759,0.13057372640650872,0.8805719630792737,0.16685996815434123,18.059583607507207,4.631662383967338,0.16893650346918768,5.693721813700422,145,False
rtp_gate_structure_drop_1_8,calibration,gsm8k_dense_0093,158,3.628771300740966,0.02021358291608008,0.09598871460808403,0.5514653772115705,0.15592145152038062,3.665857042535013,1.8721813705467956,1.7807390071665903,1.4816487212519265,136,False
rtp_gate_structure_drop_1_8,calibration,gsm8k_dense_0094,160,3.0035842902181864,0.016741751671929185,0.06491059591628673,0.3188067883253096,0.14241130198610363,4.1374869487031765,0.18059620742860716,0.22236881331585887,1.1746318444906627,135,False
rtp_gate_structure_drop_1_8,calibration,gsm8k_dense_0095,161,164.0366341546835,0.019975927949643042,0.1571453417455287,0.7279394194483757,0.10268226880322426,418.0579149809481,9.904967843423217,0.12062135391969875,75.10049159156503,259,False
rtp_gate_structure_drop_1_8,calibration,gsm8k_dense_0096,164,4.647880366449065,0.0396289648945623,0.1989727579575245,0.9648013055324554,0.3003191029395003,5.142976455500895,4.564047860111233,0.41775513507496836,2.0300520399593665,169,False
rtp_gate_structure_drop_1_8,calibration,gsm8k_dense_0097,165,409.6701238021907,0.030011959360545536,0.05615013331567877,0.2417279064655301,0.14050182897448799,844.457059471411,3.4474597077640814,0.48798162715214666,170.23012200028433,91,False
rtp_gate_structure_drop_1_8,calibration,gsm8k_dense_0098,166,39.59942643309602,0.044388371890787225,0.18159892114602824,0.6643180787563323,0.22527210807232992,100.36456075553303,1.8518588664592226,2.782889964113334,18.290334678337075,131,False
rtp_gate_structure_drop_1_8,calibration,gsm8k_dense_0099,167,82.8153087342019,0.02736410843748488,0.20840801958123717,0.8089377553435033,0.17670780561271437,29.515021553037908,2.6473386681840863,0.11218577636831988,23.377081458576175,280,False
rtp_gate_structure_drop_1_8,calibration,gsm8k_dense_0100,168,11.030926804523872,0.03527944371808209,0.043492897773513964,0.398252511024475,0.17930630812269718,14.907241330058003,1.1753486782176084,3.0533380045914313,4.221754703631368,62,False
rtp_gate_structure_drop_1_8,calibration,gsm8k_dense_0101,169,2.2823823557792524,0.01912877326380278,0.056047213502541035,0.3932054087519644,0.12560895711965114,2.6484791433979566,0.2049792791555677,0.20251253659059995,0.8842153540756774,159,False
rtp_gate_structure_drop_1_8,calibration,gsm8k_dense_0102,170,6.030383772229535,0.021402482375169774,0.08233683131291859,0.5428246557712555,0.171668534716518,10.924304265257271,1.158910138623647,0.4170697508273441,2.5709621046040505,152,False
rtp_gate_structure_drop_1_8,calibration,gsm8k_dense_0103,171,5.355987613306846,0.0245781471704613,0.1944541173910202,0.5904088377952574,0.12022642360292576,3.9395261246124504,8.672054635411685,0.8676227166853936,2.2566427858626246,207,False
rtp_gate_structure_drop_1_8,calibration,gsm8k_dense_0104,173,13.699715048432186,0.025074648820606938,0.12520612357064556,0.6732034757733345,0.16628189193300516,23.247247387716246,5.982365230564123,1.5376623024966298,5.786236372636024,238,False
rtp_gate_structure_drop_1_8,calibration,gsm8k_dense_0105,174,128.36258287095364,0.025240738082355246,0.14317614503059867,0.8496250484138721,0.17731680928550325,340.70704454738564,2.0432922135532645,0.5591465738156023,59.64293494795959,210,False
rtp_gate_structure_drop_1_8,calibration,gsm8k_dense_0106,176,30.419143824593853,0.05010028590057127,0.15718712733277274,0.9609865769743918,0.31348619979565656,36.09308973549733,122.43311419653163,3.168438921708997,16.948719128770936,168,False
rtp_gate_structure_drop_1_8,calibration,gsm8k_dense_0107,178,8.955075219310212,0.020533207486048904,0.150656504871193,0.7860967636108397,0.12374864580496334,8.360364977622986,1.9452910530841574,2.5970402565565465,3.2653279981541514,155,False
rtp_gate_structure_drop_1_8,calibration,gsm8k_dense_0108,179,3.493593183114816,0.014310462698664619,0.1208635151131729,0.43781624734401675,0.12311158176236715,1.8627223724826134,0.6486737787781588,0.1873218847656517,1.1610316557374218,153,False
rtp_gate_structure_drop_1_8,calibration,gsm8k_dense_0109,180,4.529034147708107,0.03265823253893761,0.1681578287637908,0.9151593785732982,0.2903134336667441,5.305353347725165,4.633164515627712,0.9316575292766869,2.0230187380217397,199,False
rtp_gate_structure_drop_1_8,calibration,gsm8k_dense_0110,182,74.7376993492682,0.03652555164686765,0.09440608773154875,0.5858086109161378,0.17400153994545356,95.61644101707918,65.41448269326271,2.20335491846879,29.8186054081734,230,False
rtp_gate_structure_drop_1_8,calibration,gsm8k_dense_0111,185,8.92108086142456,0.03288593390656231,0.1875456654098114,0.5721936285495757,0.20344861176334977,9.469825761118196,1.5284511500790139,0.6674946741427217,3.231203844088679,94,False
rtp_gate_structure_drop_1_8,calibration,gsm8k_dense_0112,187,12.942091739026303,0.029019827259582437,0.132827942730688,0.8507073849439619,0.21520506968272798,10.991841897429259,92.33135684626177,2.472364583720207,9.004607087239009,134,False
rtp_gate_structure_drop_1_8,calibration,gsm8k_dense_0113,188,29.83885512429786,0.044532709382412786,0.11181443167494688,0.8457728326320648,0.32076643806736943,65.88089424921317,2.0729372469500436,0.043145769350010355,13.019288635274645,227,False
rtp_gate_structure_drop_1_8,calibration,gsm8k_dense_0114,189,8.268545450749977,0.015581605781438218,0.05887784134255851,0.29382742643356324,0.13917988094601438,12.565050490285456,3.4469728840489173,1.5264160978140635,3.375374157327018,222,False
rtp_gate_structure_drop_1_8,calibration,gsm8k_dense_0115,190,47.2548220488109,0.04164131995699575,0.1538432162707356,0.8391406647861004,0.17567153853256967,99.41288566616672,2.427569659276072,2.914465283170547,20.17870363339073,101,False
rtp_gate_structure_drop_1_8,calibration,gsm8k_dense_0116,192,6.082986906364131,0.027372841444686644,0.09488379260520965,0.6820102967321873,0.22960683912374527,9.660325568412881,6.4806959337494305,0.5652866482279224,2.7846409434536796,227,False
rtp_gate_structure_drop_1_8,calibration,gsm8k_dense_0117,194,3.5444320505852676,0.023478804414711348,0.20422688747956882,0.5899075992405415,0.190580024894155,5.8412774862456605,2.8166298278504844,0.9128197883028695,1.673158854762689,109,False
rtp_gate_structure_drop_1_8,calibration,gsm8k_dense_0118,195,20.43151888901133,0.028556052055180126,0.13691328812762116,0.789066634327173,0.21197557653047486,23.26496686742612,2.7462151419590897,1.1246073809800192,7.316606759375276,159,False
rtp_gate_structure_drop_1_8,calibration,gsm8k_dense_0119,196,32.17049967944825,0.021334384370311203,0.07982546277783995,0.5550241880118847,0.1904480563195254,90.60463259625027,5.6666657149728525,0.023865493077821043,15.693395875470907,135,False
rtp_gate_structure_drop_1_8,calibration,gsm8k_dense_0120,197,17.3698004669082,0.02669980063975325,0.16357051819099871,0.49226397275924666,0.17365021951991366,20.794978336697298,5.003794100408579,1.4110185991909674,6.433224992360586,92,False
rtp_gate_structure_drop_1_8,calibration,gsm8k_dense_0121,198,9.520846103275558,0.023574452670188876,0.1046921792360552,0.731362272799015,0.1314221717448768,10.593038893535756,0.5842487547142011,0.3090002270663548,3.412020870580496,219,False
rtp_gate_structure_drop_1_8,calibration,gsm8k_dense_0122,200,6.03279590554162,0.013532104985276402,0.06051991018720125,0.39753066524863256,0.10317220970412376,1.0644496000271586,69.39425085907675,0.4815482778581043,5.163790004638877,180,False
rtp_gate_structure_drop_1_8,calibration,gsm8k_dense_0123,201,8.000259085445595,0.025408365364620534,0.1683774633219498,0.7618154048919674,0.20139870746545513,13.945768483846322,2.3476654176467044,0.6771088933237074,3.4244361834286527,211,False
rtp_gate_structure_drop_1_8,calibration,gsm8k_dense_0124,202,3.8118172404178265,0.03184372932348756,0.08970438958400317,0.4304415002465246,0.14858120217294868,3.028652395588761,3.597401833245748,0.06567381970896236,1.4763554211723051,129,False
rtp_gate_structure_drop_1_8,calibration,gsm8k_dense_0125,203,9.926649609188257,0.036199933336652564,0.20391515216545236,0.6795145533978939,0.17750382912230347,16.99626664073861,5.903617572923722,0.6886107466205901,4.320869868814492,229,False
rtp_gate_structure_drop_1_8,calibration,gsm8k_dense_0126,204,396.15085822833544,0.02371659127282214,0.14635117257803335,0.6031779929995537,0.13213396244037523,1088.8439395850924,18.51433236506459,0.6743984416787979,187.2278340373214,256,False
rtp_gate_structure_drop_1_8,calibration,gsm8k_dense_0127,207,4.236366634318516,0.012724676439478652,0.07957321176977811,0.5045753419399261,0.13260319050545782,3.323981337832572,24.49133270172974,1.1073916974878202,2.697045512458342,265,False
rtp_gate_structure_drop_1_8,calibration,gsm8k_dense_0128,208,13.818351211505082,0.020650167808314114,0.09285374452082244,0.5836776250507676,0.1283141599249238,30.279957727112002,11.681820544499418,0.27313069268751633,6.5900288276114285,117,False
rtp_gate_structure_drop_1_8,calibration,gsm8k_dense_0129,211,11.28081799414578,0.03135660370626217,0.07480244889478077,0.6286685824394225,0.17546899975442773,8.588374604055012,3.729077917747012,2.0488653714010354,3.904394720946938,231,False
rtp_gate_structure_drop_1_8,calibration,gsm8k_dense_0130,212,18.267458755210516,0.033462432253964704,0.1392272439237235,0.874077596468851,0.212731850885071,16.07564897587406,113.0054010140273,1.369983687321164,11.737278154019872,176,False
rtp_gate_structure_drop_1_8,calibration,gsm8k_dense_0131,213,128.51679559954607,0.052015730718440574,0.3807926308181888,1.3936151504516596,0.18130891098503837,288.04946565432317,21.895498119426026,1.780455095078761,56.63280415182511,162,False
rtp_gate_structure_drop_1_8,calibration,gsm8k_dense_0132,215,10.426126539097957,0.01878363837087828,0.09073728913682069,0.309534154832363,0.09671815495626138,14.635413944560746,2.9624441536668926,0.611117077062179,4.023025228102942,147,False
rtp_gate_structure_drop_1_8,calibration,gsm8k_dense_0133,216,101.61235199861551,0.0226716590720604,0.08219147063267176,0.6785477863624682,0.21766007210401894,23.594424765660545,2517.1448598072047,0.3716624038256475,153.30270926181262,196,False
rtp_gate_structure_drop_1_8,calibration,gsm8k_dense_0134,217,182.72900936452822,0.049034864188080285,0.19980811273849075,0.71445490475744,0.21138762840653327,504.44315881118365,5.253382285896762,0.08399429714153446,86.47083842322614,83,False
rtp_gate_structure_drop_1_8,calibration,gsm8k_dense_0135,218,43.22078183043953,0.022616818096570093,0.1709466577293479,0.9224143512547016,0.14126152547552795,96.02582532538759,20.297455700358505,0.422910727806451,19.701252028923616,264,False
rtp_gate_structure_drop_1_8,calibration,gsm8k_dense_0136,219,52.805876171943034,0.034102099673838863,0.20981629061613283,0.9638323754072172,0.13984332963828022,107.55059309505963,6.001092851138701,0.5416607357418926,22.32340757338576,242,False
rtp_gate_structure_drop_1_8,calibration,gsm8k_dense_0137,220,3.140905182548185,0.02414301990096748,0.22648478103797978,0.29851926211267654,0.10994420593891953,1.7484391775086452,9.62533555834617,0.4759037052529221,1.519495126613828,171,False
rtp_gate_structure_drop_1_8,calibration,gsm8k_dense_0138,221,2.336703076527312,0.03069819973928173,0.11959713127212353,0.7197998583316803,0.20578898894678052,2.164655912343969,0.22111637008492835,0.3155034327846584,0.9330383212232976,132,False
rtp_gate_structure_drop_1_8,calibration,gsm8k_dense_0139,222,11.245882140901406,0.022036095082854607,0.057213363786888176,0.34029721617698705,0.15753302420481832,13.269817924801982,1.7936820941298384,0.01455167696458659,4.042668527524562,96,False
rtp_gate_structure_drop_1_8,calibration,gsm8k_dense_0140,223,1.634501403159564,0.014787487685005983,0.09789847820226139,0.2164333611726761,0.15128588717783117,2.0720537679864375,0.08922584761574755,0.05661983792530926,0.6460558505339306,140,False
rtp_gate_structure_drop_1_8,calibration,gsm8k_dense_0141,224,4.774166114699841,0.015099087280252254,0.1116041316504587,0.3728826642036438,0.13098119044313733,1.5423632749647505,2.23238570803218,0.13661116812237317,1.5225032969315186,152,False
rtp_gate_structure_drop_1_8,calibration,gsm8k_dense_0142,225,2.297404160071111,0.03572288780645265,0.14496841074373598,0.36992596089839935,0.23237275176519834,2.5756408750506075,0.0,1.1694302138943562,0.9340810693056023,114,False
rtp_gate_structure_drop_1_8,calibration,gsm8k_dense_0143,227,23.258688098861654,0.02334912856983824,0.12115357287112052,0.5578263878822327,0.12085934473436973,30.793118480551435,2.920288894616064,1.878624494159512,8.617416699385721,204,False
rtp_gate_structure_drop_1_8,calibration,gsm8k_dense_0144,228,67.52166294255947,0.038033360027623926,0.297036186558533,1.2432026733411459,0.2212949585340976,159.9748871199891,5.378559168524963,1.030524026983194,30.248566954387908,184,False
rtp_gate_structure_drop_1_8,calibration,gsm8k_dense_0145,229,16.70450919692148,0.014852178570493865,0.06069335037849849,0.599831842712592,0.1340669156830266,17.536163451663526,5.192174957832607,0.18104984508396052,5.961029979733097,197,False
rtp_gate_structure_drop_1_8,calibration,gsm8k_dense_0146,230,10.44737723123688,0.012625453780871414,0.04785907838277051,0.40517427027225494,0.11689932129138556,14.877972424510851,2.301795861280506,0.7600997235854663,4.029493399885481,264,False
rtp_gate_structure_drop_1_8,calibration,gsm8k_dense_0147,231,6.00984981259025,0.029340954884222108,0.1629351083871989,0.32113997638225555,0.12045504166444766,3.754501457077131,0.15414638204483094,0.736209672202397,1.9299164144650933,110,False
rtp_gate_structure_drop_1_8,calibration,gsm8k_dense_0148,232,20.572115952282473,0.039964145091890016,0.11259778204965565,0.7414291726425287,0.18584194200513893,12.199100014311806,17.2131388989753,0.4870885908422557,7.1529792613189,147,False
rtp_gate_structure_drop_1_8,calibration,gsm8k_dense_0149,233,32.42944791150683,0.052501990134775606,0.2400438512035606,1.2027046824805439,0.23953657653550092,74.93063423096172,7.116512576716153,0.4942161617465416,14.727223287589739,165,False
rtp_gate_structure_drop_1_8,calibration,gsm8k_dense_0150,235,8.373439731885108,0.031983038997477606,0.06358653961652475,0.29262568545527756,0.1874124598770312,9.571683404302725,11.329374068023457,0.4840435533072309,3.5228550776169767,90,False
rtp_gate_structure_drop_1_8,calibration,gsm8k_dense_0151,237,4.896905462563702,0.025234788607735512,0.07767031826108292,0.48815059661865234,0.23808147029354587,8.868014066230133,5.687637733971761,0.032457810598937265,2.332571236272589,101,False
rtp_gate_structure_drop_1_8,calibration,gsm8k_dense_0152,238,4.032805316493656,0.012658081819125299,0.0916626661808001,0.4294120699167251,0.11627621767011494,3.316077124563255,1.3426017811869888,0.1267151162629716,1.4377534797074254,154,False
rtp_gate_structure_drop_1_8,calibration,gsm8k_dense_0153,239,5.517342718158058,0.014748760331641596,0.05980116527668578,0.43406467959284767,0.10389563086729008,3.662389256579828,4.728150914686364,2.143260531073922,2.08158900372003,200,False
rtp_gate_structure_drop_1_8,calibration,gsm8k_dense_0154,240,83.65769482398568,0.027674427930526532,0.20948415338990428,0.7227458223700521,0.1263667929380461,110.43757712326995,62.44287816670309,0.8298955264534058,33.062222177936604,154,False
rtp_gate_structure_drop_1_8,calibration,gsm8k_dense_0155,242,2.9552627566063614,0.026106257322429053,0.10073850906334962,0.44439980983734095,0.2022674082610645,3.756048652195907,0.0,0.20181367204828624,1.1540687431884415,200,False
rtp_gate_structure_drop_1_8,calibration,gsm8k_dense_0156,243,8.487636359590146,0.026770822928045054,0.07429278306314757,0.670170247554779,0.24832761042871201,12.744716334833388,9.136088899118032,0.8313860755314524,3.772867248423976,163,False
rtp_gate_structure_drop_1_8,calibration,gsm8k_dense_0157,246,5.37120964582541,0.01395446074457641,0.060953142738354324,0.47914977297186834,0.157595589871751,6.385011269666474,3.570188901216834,1.4447576887712206,2.1891898649190935,256,False
rtp_gate_structure_drop_1_8,calibration,gsm8k_dense_0158,248,4.247809947479079,0.014782409576603846,0.0711243764377262,0.27986150048673153,0.1286964890792875,7.098846942689524,2.255954905705022,3.532892957916851,1.952152070057243,90,False
rtp_gate_structure_drop_1_8,calibration,gsm8k_dense_0159,249,14.55707522806635,0.025200478124416937,0.1464299195711237,0.9228490732610222,0.1665979184178545,20.083862565632256,1.420405270072558,0.9587080986244907,5.536934126544777,296,False
rtp_gate_structure_drop_1_8,calibration,gsm8k_dense_0160,251,9.360993294583578,0.02273969265186001,0.06279844821613104,0.3343201488256454,0.1610445243644684,4.131846723720799,3.4836049380931082,0.15466227271076605,2.930928186026693,104,False
rtp_gate_structure_drop_1_8,calibration,gsm8k_dense_0161,253,5.537246607999886,0.04496877129557593,0.18168909483059933,1.0321356356143943,0.30429573177671043,6.04347697554418,1.362032194136924,0.7208762462756239,2.185324131179001,121,False
rtp_gate_structure_drop_1_8,calibration,gsm8k_dense_0162,254,68.32265600087374,0.03659027754610414,0.09231956737265491,0.7135309505159962,0.17240153829728783,157.55133537864975,22.88768526914828,1.7155483743293558,31.042481010412327,167,False
rtp_gate_structure_drop_1_8,calibration,gsm8k_dense_0163,256,57.5389366300447,0.032627302442280307,0.07951240095083814,0.7157361882738768,0.16578480920900923,86.29434122514766,5.4493061349138046,0.6047465798558069,21.726675309207128,234,False
rtp_gate_structure_drop_1_8,calibration,gsm8k_dense_0164,260,32.73057689014501,0.07217941730486988,0.2901484694950981,0.8373030841350555,0.34800488134465424,54.24852741472998,12.747139939541512,2.1794313144857886,13.463971181565023,221,False
rtp_gate_structure_drop_1_8,calibration,gsm8k_dense_0165,261,65.2746190174384,0.02008953601307373,0.1165781731270636,0.567426860332489,0.18191033370272447,131.74614574899218,4.774130454579889,0.19279502917968472,27.22917264304671,127,False
rtp_gate_structure_drop_1_8,calibration,gsm8k_dense_0166,262,2.151984592609641,0.02484196334894164,0.14675629218428912,0.3564511723816395,0.13948543421055098,1.4816377969344936,4.588691709232405,2.08802556275477,1.0633839963877345,88,False
rtp_gate_structure_drop_1_8,calibration,gsm8k_dense_0167,263,46.75344898093893,0.02166306618097661,0.1170827971157587,0.6158130578696728,0.12531771133678266,127.07007170767395,6.026086987311869,1.589233063703368,22.345207155056443,190,False
rtp_gate_structure_drop_1_8,calibration,gsm8k_dense_0168,265,3.993057050534359,0.012055562375449207,0.0823014740186982,0.4137326452881097,0.09531474757181518,4.300914788792597,3.4721509597840003,0.8286753155905399,1.635198600230603,279,False
rtp_gate_structure_drop_1_8,calibration,gsm8k_dense_0169,268,12.101969291721312,0.014314391808423303,0.13433459864933,0.4116833880543709,0.08508336352421716,2.1262407513158745,2.2884910678755253,0.6691446146155142,3.4297695458974884,202,False
rtp_gate_structure_drop_1_8,calibration,gsm8k_dense_0170,269,92.44225570770834,0.04863535255555708,0.07459673484925175,0.7482666559517384,0.2598961502391665,111.77018615386937,6.740775505473145,0.31217200505117404,32.559877961816404,89,False
rtp_gate_structure_drop_1_8,calibration,gsm8k_dense_0171,270,6.942980154390499,0.01233572328370322,0.08229986772311108,0.6021858379244804,0.10654721849751889,8.195539027160175,0.5578432016288085,0.40005600262534224,2.5508305688448503,166,False
rtp_gate_structure_drop_1_8,calibration,gsm8k_dense_0172,272,5.083074057834729,0.012644449144628577,0.04241654024800105,0.2509111773222684,0.11494597218925964,2.046872805788452,3.7044382246075744,0.8990334458732452,1.7134713436875664,131,False
rtp_gate_structure_drop_1_8,calibration,gsm8k_dense_0173,274,9.800981004843331,0.01961132085455224,0.08080250571846556,0.48407202512025826,0.10458635412176336,3.1965806778938983,6.325945202138025,1.372887558036849,3.175904320662524,218,False
rtp_gate_structure_drop_1_8,calibration,gsm8k_dense_0174,276,14.610180329897835,0.027841924643406315,0.2300726679035503,1.0496217500418425,0.13784009788298693,17.975573270030264,10.927985880619525,0.8642600957972515,5.8823103608556675,223,False
rtp_gate_structure_drop_1_8,calibration,gsm8k_dense_0175,277,23.3079609220323,0.03317271826417503,0.15928654104662932,0.7704923748970032,0.16947044618678775,42.660680939775844,0.0,0.8704636509933323,9.437048223027652,201,False
rtp_gate_structure_drop_1_8,calibration,gsm8k_dense_0176,278,6.535001804572027,0.037487791396803256,0.13244431274439117,0.6317736491560935,0.2313651020034911,9.626510768641197,11.66670241421402,0.33086873355218716,3.1449581896239374,235,False
rtp_gate_structure_drop_1_8,calibration,gsm8k_dense_0177,279,17.09712526970143,0.027627637008310935,0.19613443246541684,0.8489984479732811,0.17175855427747383,28.05343337888624,3.4068082064516423,1.046114615544663,6.909659744835674,223,False
rtp_gate_structure_drop_1_8,calibration,gsm8k_dense_0178,280,8.53221293145611,0.01126054619418331,0.059633997373490545,0.48127225274220004,0.06950536257739798,3.5431889548851117,2.554026766391427,4.5568156072151424,2.81659568395306,207,False
rtp_gate_structure_drop_1_8,calibration,gsm8k_dense_0179,281,12.939624565663987,0.022056199109035283,0.10363131465044009,0.5996131526306268,0.1391522998145334,14.149623329709074,4.166748418115989,1.1787821157402376,4.74573672924137,284,False
rtp_gate_structure_drop_1_8,calibration,gsm8k_dense_0180,283,6.723845745901044,0.037230193008908424,0.2036081007207995,0.8002085283398626,0.20262204937189943,6.575909201012149,25.77757658415695,0.6757416641731714,3.7004788023689,195,False
rtp_gate_structure_drop_1_8,calibration,gsm8k_dense_0181,284,137.99259640341828,0.034990953367286866,0.3997922719916853,0.7129505500197411,0.13634833425833875,40.174260475095814,13.239881132366763,1.042296105183574,38.60262046802158,189,False
rtp_gate_structure_drop_1_8,calibration,gsm8k_dense_0182,285,7.72725682792097,0.028275202858219224,0.09380029575658583,0.40644251317717134,0.18856073005953705,7.053248196527613,6.340988735812071,1.1149773503417937,2.9567046243672235,108,False
rtp_gate_structure_drop_1_8,calibration,gsm8k_dense_0183,286,4.838837719942746,0.02553567421057193,0.16339129081332038,0.7828714475035667,0.12679740768800551,5.779382797909905,2.735942905306191,1.1491191857201166,2.01403753938683,213,False
rtp_gate_structure_drop_1_8,calibration,gsm8k_dense_0184,287,11.503983731074113,0.05397359131025852,0.22040176173617282,1.091432762145996,0.29937484142960435,21.04978753565223,5.924190560412403,0.19968437789533766,5.100603747918273,261,False
rtp_gate_structure_drop_1_8,calibration,gsm8k_dense_0185,288,8.605350822315293,0.03123247229916694,0.1839026634176201,1.034977276623249,0.1566894622737415,6.266553763842173,7.646328799667091,1.0748886904642323,3.2820967765354756,130,False
rtp_gate_structure_drop_1_8,calibration,gsm8k_dense_0186,290,168.34907882452882,0.03457106051017386,0.3055536821512405,0.838896357733756,0.1842065944266153,459.03707267351865,131.4389898689136,0.9202888293237862,85.61530752294958,161,False
rtp_gate_structure_drop_1_8,calibration,gsm8k_dense_0187,292,13.246254755461125,0.030810488269056736,0.14061283985359394,0.8359999403357503,0.21541373331670124,10.668329979412619,1.5432640429595912,0.5686839737210647,4.438519826563615,223,False
rtp_gate_structure_drop_1_8,calibration,gsm8k_dense_0188,294,2.8437313264800217,0.01693160003698127,0.08618744687787867,0.5393346676602957,0.19145802291672204,2.94808923836973,0.0,0.01396940572757539,1.0633605543977418,167,False
rtp_gate_structure_drop_1_8,calibration,gsm8k_dense_0189,295,62.09891442540712,0.025559899439614422,0.14424305239821122,0.7738461494445799,0.12546780604958702,125.45084681504613,4.431332944971894,0.7265483566406052,25.966285875850197,211,False
rtp_gate_structure_drop_1_8,calibration,gsm8k_dense_0190,296,16.01864258288882,0.02759617900931949,0.0588889678274401,0.48338548466563225,0.1966839658558808,32.67635132610856,7.533458252598706,0.258105539669103,7.111742762708815,156,False
rtp_gate_structure_drop_1_8,calibration,gsm8k_dense_0191,297,4.396642067209884,0.024650466744404062,0.08552386683455451,0.48377613723278046,0.16068814258638173,5.3588937022920495,2.0517004943626205,0.6374857228004899,1.7618573654987169,177,False
rtp_gate_structure_drop_1_8,calibration,gsm8k_dense_0192,300,5.116510040472397,0.01953880625175016,0.1301713613431948,0.2696237124502655,0.12097112357801557,5.476249334278093,5.427212279097966,0.3643720639982378,2.0787463119273104,91,False
rtp_gate_structure_drop_1_8,calibration,gsm8k_dense_0193,302,4.808437765181849,0.018130695997990644,0.054163982189929516,0.35243638753890966,0.15892643152799574,4.944168115085447,4.819230303860415,0.7222605706134182,1.9476410524116194,135,False
rtp_gate_structure_drop_1_8,calibration,gsm8k_dense_0194,305,102.43743885785733,0.0685898478835254,0.2616040941013185,1.2199396188836547,0.29377173717161653,156.55886774329193,6.382599870396687,0.7178968248035282,38.74586990372361,96,False
rtp_gate_structure_drop_1_8,calibration,gsm8k_dense_0195,306,4.167485887081575,0.019228804002956883,0.05567625132291176,0.25844939649105003,0.1389560369672937,7.359254392684533,0.0,0.6500711861167572,1.7210903062191825,136,False
rtp_gate_structure_drop_1_8,calibration,gsm8k_dense_0196,308,4.190285441326856,0.0334863949878977,0.15477068301240368,0.7191866196691993,0.23490116599895225,6.223370897668988,10.87616457901793,0.849928154938616,2.283857650393632,345,False
rtp_gate_structure_drop_1_8,calibration,gsm8k_dense_0197,311,13.007708981724877,0.032094897003285126,0.12040603526538268,0.6601830959320067,0.17934892008433512,11.208818883071633,68.21305488018619,0.8618801985134711,7.734561051175432,162,False
rtp_gate_structure_drop_1_8,calibration,gsm8k_dense_0198,312,9.881218126085884,0.01810562241693165,0.04010300071510041,0.26436198949813844,0.1355192555410889,10.868571916834398,0.4553527833195403,0.5745454970069659,3.44802043003562,79,False
rtp_gate_structure_drop_1_8,calibration,gsm8k_dense_0199,314,75.3588463881637,0.05701769947628349,0.4035762911998756,1.4496580123901364,0.26422331217552364,155.6203809365661,43.98369600609574,0.0007642575172468469,33.80322810523347,232,False
rtp_gate_structure_drop_1_8,calibration,gsm8k_dense_0200,317,13.690568008305009,0.022496747350553473,0.05651391032034543,0.28723840117454513,0.12194748833104724,8.050343034050602,0.3493743533858008,1.750748903703018,4.2219751286981495,125,False
rtp_gate_structure_drop_1_8,calibration,gsm8k_dense_0201,318,13.793044047501107,0.022614579104494954,0.13323530184553323,0.6883128985762594,0.1548364062597925,13.25620458828638,1.9679614947853576,0.21637258780802285,4.758596852117832,169,False
rtp_gate_structure_drop_1_8,calibration,gsm8k_dense_0202,321,8.238018961693527,0.018613805471495472,0.10025671768194913,0.3587973117828369,0.1586385732712852,16.277833974107978,4.716289591934411,0.4257481836026561,3.702648312024562,90,False
rtp_gate_structure_drop_1_8,calibration,gsm8k_dense_0203,325,15.313597313694414,0.019803323021364862,0.16381429279435653,0.7405934867332689,0.14062932413987697,19.581405809738673,1.4709359273826492,2.9775445424678137,5.7408490687575195,375,False
rtp_gate_structure_drop_1_8,calibration,gsm8k_dense_0204,328,4.111781309524013,0.03542131327198265,0.1057866204988091,0.4924793243408203,0.26474324179793257,6.034345605632603,0.0,0.9480759529304158,1.6712060662435229,201,False
rtp_gate_structure_drop_1_8,calibration,gsm8k_dense_0205,329,10.790842368355644,0.02082214817755558,0.05567400444626431,0.3614524580538263,0.1852061836358132,25.266543542039628,6.902511367882046,0.4256867565720043,5.166024688519618,129,False
rtp_gate_structure_drop_1_8,calibration,gsm8k_dense_0206,330,15.105353021986298,0.050285863323667995,0.16040602998446535,1.0261284142732625,0.30150939088092427,29.048662415538942,1.480044637700263,0.48088011686738674,6.41065124642441,205,False
rtp_gate_structure_drop_1_8,calibration,gsm8k_dense_0207,331,154.68494631846107,0.020486128598727598,0.10864881701302796,0.41890880223363625,0.13650778127846536,236.32279747624452,1.0916210012883454,0.3540969451005849,57.742277229745895,282,False
rtp_gate_structure_drop_1_8,calibration,gsm8k_dense_0208,332,124.48617624718554,0.029628070834765614,0.1253106086188994,0.4784287087619305,0.12995034122091348,306.7857083209727,7.512728882208499,1.0139526260677783,56.18948426110681,110,False
rtp_gate_structure_drop_1_8,calibration,gsm8k_dense_0209,333,95.61896060563652,0.025025315583004477,0.09336651919724133,0.5130234979093073,0.12811694977851462,145.65502043442316,17.491647389237706,0.45149569889422914,36.55805873792941,168,False
rtp_gate_structure_drop_1_8,calibration,gsm8k_dense_0210,334,10.424662179251886,0.017175136150999554,0.12285086567177805,0.7015341124497354,0.13685650550910214,3.5157145513155927,3.4188601438957407,0.11146933499533129,3.203259411289136,126,False
rtp_gate_structure_drop_1_8,calibration,gsm8k_dense_0211,336,16.337300443651685,0.030024222312867492,0.15384442951325972,0.6014075025916098,0.19127675548684514,29.305692880231145,2.1125815548182465,1.0643060706669583,6.714801687279733,166,False
rtp_gate_structure_drop_1_8,calibration,gsm8k_dense_0212,337,14.177913350599725,0.015520366196411279,0.10736583726220422,0.2974543273448944,0.11172326439613503,5.584781028327048,2.889105867074828,0.287900231656162,4.221921139582116,141,False
rtp_gate_structure_drop_1_8,calibration,gsm8k_dense_0213,338,8.804788599557654,0.038910013723115054,0.2174554083710153,1.100376785546541,0.23987543421318913,12.70044949039515,8.96531517961263,0.5348758784849114,3.915560078220166,175,False
rtp_gate_structure_drop_1_8,calibration,gsm8k_dense_0214,339,46.97851899910265,0.039465219449533545,0.20684823434777422,1.1340275672264397,0.2311655820648804,106.5660161818464,7.384073284041398,0.785517587031548,20.90188707995024,388,False
rtp_gate_structure_drop_1_8,calibration,gsm8k_dense_0215,342,23.852570883940363,0.03741994190050179,0.11331541733046507,0.4901292033493519,0.21204580040421206,57.38454616217902,1.546361655856114,0.3139536224929221,10.762239504336419,129,False
rtp_gate_structure_drop_1_8,calibration,gsm8k_dense_0216,344,67.34270435188131,0.02229776378157057,0.14733532649341782,0.4897102102637291,0.11476882698211978,141.84987406218258,87.87691250583372,2.2535078992342465,32.77869926489846,191,False
rtp_gate_structure_drop_1_8,calibration,gsm8k_dense_0217,345,6.773694088382801,0.02179930144976962,0.09765907764567401,0.49864547066390486,0.11694398257838542,1.903243419818736,7.225259161452188,0.2702310060553387,2.3228191487612566,161,False
rtp_gate_structure_drop_1_8,calibration,gsm8k_dense_0218,346,14.97370390314173,0.043362628631922875,0.17678720373249834,1.317848205566406,0.25175048280984597,36.414553758449316,1.0721042766698679,0.8641027016415492,7.0019352311900995,194,False
rtp_gate_structure_drop_1_8,calibration,gsm8k_dense_0219,348,7.2487489206124796,0.0128493209023841,0.048188814048437834,0.5362953204661608,0.13439149293851166,8.78044040709126,2.9575784390293225,0.5161528437925718,2.7865721456570602,173,False
rtp_gate_structure_drop_1_8,calibration,gsm8k_dense_0220,351,10.654835217337311,0.021895127987556065,0.1014511587904189,0.7505016796290873,0.18762710027433466,17.17916683096532,1.8011327410606366,0.37576859902281495,4.293626290653618,144,False
rtp_gate_structure_drop_1_8,calibration,gsm8k_dense_0221,352,5.234950242855212,0.027979889574887604,0.11560845918977883,0.46216833665966983,0.216999242650136,8.239905726389386,4.570655326316433,1.0291789365284387,2.351032766367824,118,False
rtp_gate_structure_drop_1_8,calibration,gsm8k_dense_0222,355,8.172636865200419,0.015471474243642439,0.11454588168575816,0.5037504911422723,0.12641471310158622,17.23976613443237,7.845165040480812,1.4894994853263674,3.982349531090008,181,False
rtp_gate_structure_drop_1_8,calibration,gsm8k_dense_0223,358,10.132142149261838,0.03142876607729814,0.12433511939277497,0.6409336268901823,0.22048567302360858,16.309456918197448,1.1798788885001992,1.0057256204900331,4.079511117154586,199,False
rtp_gate_structure_drop_1_8,calibration,gsm8k_dense_0224,360,18.653215964651817,0.032667798555692046,0.11272870974467344,0.6901266621425746,0.19312385967329576,45.67336747054318,3.278131783304161,0.06676892613321428,8.629371630507386,209,False
rtp_gate_structure_drop_1_8,calibration,gsm8k_dense_0225,362,253.22185728881504,0.0398508772171596,0.2047367516518127,0.7075872778892511,0.21694087821771196,688.7128912131174,4.64131317467722,1.3814325539761014,118.85553443029809,245,False
rtp_gate_structure_drop_1_8,calibration,gsm8k_dense_0226,364,5.079283245799333,0.03492761889070849,0.08234546270701756,0.6274075627326965,0.3516687327679189,9.736483937119205,2.116250554377286,0.17211154810673315,2.30935331455558,162,False
rtp_gate_structure_drop_1_8,calibration,gsm8k_dense_0227,365,80.88743027616889,0.06174098568963636,0.31018388192584884,1.0475931353867054,0.35775432368756266,125.67525664929664,4.41145253716968,0.44702500695758235,30.764887090512513,115,False
rtp_gate_structure_drop_1_8,calibration,gsm8k_dense_0228,366,2.897862124564365,0.03011381323562201,0.09248221387996432,0.2630399346351623,0.20214345271061493,2.6436822568862874,0.0,1.9004703544749875,1.0909420798017362,111,False
rtp_gate_structure_drop_1_8,calibration,gsm8k_dense_0229,367,38.66723370859904,0.04352727372537904,0.16896370247038464,0.9898740068078037,0.28626188340967224,106.13197173097213,128.18111445135546,0.6325154244249007,24.80200925917556,260,False
rtp_gate_structure_drop_1_8,calibration,gsm8k_dense_0230,370,3.776824738503661,0.04086354127382254,0.12723227595848197,0.5939944377169013,0.3049082826850202,6.9785528085148885,1.2956196276663363,0.48919365031384743,1.7328694094520747,139,False
rtp_gate_structure_drop_1_8,calibration,gsm8k_dense_0231,371,9.768900292788496,0.030227955031158302,0.10723412003417429,0.732792194187641,0.230373233990098,21.81632656014146,0.18589441180880945,0.24272501747036407,4.361017221735586,193,False
rtp_gate_structure_drop_1_8,calibration,gsm8k_dense_0232,372,9.94812803252124,0.029512636316859586,0.07429021307827517,0.39978144764900236,0.19525877752084853,32.1510617921739,2.7605062207712865,0.5960033764131736,5.316931298997525,109,False
rtp_gate_structure_drop_1_8,calibration,gsm8k_dense_0233,373,3.3951572955240144,0.012359132896737056,0.08667559793084315,0.5309461861848829,0.14066735447682635,2.9273959069017925,1.3650389593469023,0.09630762463171373,1.264019896372215,169,False
rtp_gate_structure_drop_1_8,calibration,gsm8k_dense_0234,375,18.087010175417408,0.03868506609833564,0.1008225895556234,0.9443032965064049,0.212774315003659,25.73166291305504,0.7499161821277603,1.840734078714112,6.876420375461078,115,False
rtp_gate_structure_drop_1_8,calibration,gsm8k_dense_0235,376,50.06136281936492,0.03564233060919746,0.1588423251898616,0.7276752255856991,0.14899987968631667,118.72642422514625,71.6995215048128,1.7940016739609448,25.824484025146628,213,False
rtp_gate_structure_drop_1_8,calibration,gsm8k_dense_0236,378,11.369174063618317,0.03995317333340589,0.08942343293305406,0.7648662313818929,0.23692501955092848,14.023024033493927,8.011139126880972,1.0356156341757328,4.565144543097519,150,False
rtp_gate_structure_drop_1_8,calibration,gsm8k_dense_0237,379,3.464933555138363,0.020760930364854695,0.07782361102668316,0.4179056860506536,0.17128671739218915,4.7420310021298,2.7695180046447523,0.28211353216353413,1.4905813442402471,110,False
rtp_gate_structure_drop_1_8,calibration,gsm8k_dense_0238,381,6.587343404377063,0.02306974848204678,0.1130392622180925,0.47476641833782196,0.14788615735364147,4.165706902667249,1.18158407731085,0.4049990129132809,2.162483590235239,176,False
rtp_gate_structure_drop_1_8,calibration,gsm8k_dense_0239,382,170.05505512179232,0.027314379410355007,0.08816139572248345,0.576634832564741,0.16553051795444687,56.63440481984252,2.96324177645804,0.7133457095503073,47.342401157572795,233,False
rtp_gate_structure_drop_1_8,calibration,gsm8k_dense_0240,386,3.7144955132347355,0.02144382210726906,0.14044859152872788,0.5555985853075975,0.1815969979152656,2.048649855897926,2.3584897178487116,0.19948031437817804,1.3448462295443644,104,False
rtp_gate_structure_drop_1_8,calibration,gsm8k_dense_0241,387,8.904673190905825,0.01703588658279497,0.08683709560230404,0.5585921272635459,0.12614172740155769,4.377104951083543,2.090428936478831,0.0,2.7933531563920173,153,False
rtp_gate_structure_drop_1_8,calibration,gsm8k_dense_0242,388,4.078572114108921,0.018280167310654773,0.15746068284522682,0.1631559569388627,0.12659825089173563,1.0986724255025604,1.077382024998452,0.4173026115830091,1.242140779453383,121,False
rtp_gate_structure_drop_1_8,calibration,gsm8k_dense_0243,390,5.532188145856185,0.0368795621342074,0.16180660289287835,0.8850615933537482,0.24145457185664376,6.328174156917662,2.8544591016033216,0.5633821713428135,2.2423732187581535,145,False
rtp_gate_structure_drop_1_8,calibration,gsm8k_dense_0244,391,108.26690230594089,0.04638037346191531,0.08182343924337496,0.5022634142078458,0.20471934453421914,263.9322172228628,26.34001219822048,0.7896935815656546,49.64632473718214,219,False
rtp_gate_structure_drop_1_8,calibration,gsm8k_dense_0245,392,16.58004362637205,0.04153003905043848,0.19221558381050796,0.8454743087291711,0.28269129651432323,31.01366969301204,3.5989809847415515,0.8203594526554759,7.030265929938737,218,False
rtp_gate_structure_drop_1_8,calibration,gsm8k_dense_0246,393,12.230719382637398,0.03590956022269491,0.11064879489239078,0.37983677685260686,0.15961135398186596,11.149213828768483,0.8911811183296132,0.5385983662546023,4.111717634527515,242,False
rtp_gate_structure_drop_1_8,calibration,gsm8k_dense_0247,396,39.309863559380766,0.03905933300095729,0.2412156298326289,1.056152897537686,0.1965196210119509,74.79311004619514,19.281561546164273,1.309389161309698,17.048656258448318,177,False
rtp_gate_structure_drop_1_8,calibration,gsm8k_dense_0248,398,7.7004512530013836,0.01898293695659571,0.09486162863674365,0.46730056405067333,0.12560383358799704,10.54155732405816,9.056099292774105,0.21538544025724637,3.330159422338093,181,False
rtp_gate_structure_drop_1_8,calibration,gsm8k_dense_0249,399,5.116881205481432,0.01796193474031636,0.09698294974206982,0.45126154739409646,0.11728725576260075,5.273666944026908,6.603411675769171,0.7120026543656618,2.156962895255538,158,False
rtp_gate_structure_drop_1_8,holdout,gsm8k_dense_0250,400,1.7755168690776129,0.015240406909313192,0.06252360419965547,0.28883251128718257,0.14434019430947892,2.675232966530079,2.2190179224876316,1.1623711760992517,0.8852243077578111,115,False
rtp_gate_structure_drop_1_8,holdout,gsm8k_dense_0251,401,6.916095381556286,0.02012422275498531,0.19111886810600015,0.5400707952678203,0.15529861462862038,6.72320196586034,4.7045711039312925,0.6320739568192337,2.656222187192065,184,False
rtp_gate_structure_drop_1_8,holdout,gsm8k_dense_0252,402,17.385887482690343,0.02279805648879782,0.09363987996884254,0.7216302082757454,0.1414135947073172,33.737847788764434,0.0,0.3628403936768492,7.200548832396217,283,False
rtp_gate_structure_drop_1_8,holdout,gsm8k_dense_0253,405,8.124206973320348,0.01653355987164258,0.05236983078775906,0.451820008456707,0.14641528214428884,10.161735444736406,11.363618014974152,0.46189449593247056,3.5238933043730003,376,False
rtp_gate_structure_drop_1_8,holdout,gsm8k_dense_0254,407,10.771473722119481,0.04446719722889928,0.11769206361658012,0.8531167791225016,0.24224931769190008,19.400837114846684,4.780368644802956,1.219436533332844,4.7105816469723205,238,False
rtp_gate_structure_drop_1_8,holdout,gsm8k_dense_0255,408,3.8930217365425235,0.030893445333297156,0.1957832478872512,0.8267946451902373,0.20929644978326425,6.425197177279374,1.9386476997389186,0.5889432641003225,1.7876384729688828,292,False
rtp_gate_structure_drop_1_8,holdout,gsm8k_dense_0256,411,4.729480359253514,0.01795061153125974,0.05454879639262914,0.43888817429542526,0.15571690416017572,3.1715225579772492,3.1049340044204015,0.1557505214610989,1.6903869616258749,242,False
rtp_gate_structure_drop_1_8,holdout,gsm8k_dense_0257,412,42.164670040846296,0.04894130629235606,0.24553878374786076,0.9948700726032257,0.21168315950039945,87.02306412625492,6.108705421204834,0.9252448999782636,18.061496786906666,119,False
rtp_gate_structure_drop_1_8,holdout,gsm8k_dense_0258,414,7.485765970049419,0.024422132018869457,0.09637422924165341,0.6929148480296133,0.20592261318799412,9.098722758353444,0.5875003612805337,0.05310435281014847,2.774220112029949,118,False
rtp_gate_structure_drop_1_8,holdout,gsm8k_dense_0259,417,6.7617437739389175,0.022061590881007367,0.09948264781439577,0.5205753110349177,0.1832931654057988,6.536756905078222,3.3532374327862433,0.5860758913967806,2.519790499912728,243,False
rtp_gate_structure_drop_1_8,holdout,gsm8k_dense_0260,418,9.716617684421752,0.024964932123208793,0.10411751439941137,0.9684950217604634,0.2029711440256325,13.212945422103163,1.2450222990825024,0.0007620276866013853,3.734154333544002,162,False
rtp_gate_structure_drop_1_8,holdout,gsm8k_dense_0261,420,8.946379723280218,0.014948983033356084,0.09173650619676324,0.47096156626939767,0.1440934441021204,14.327291597919873,1.7192496067820122,0.2628515853358433,3.580759674632319,170,False
rtp_gate_structure_drop_1_8,holdout,gsm8k_dense_0262,421,129.4597128820576,0.03932815527583754,0.13488278566829848,0.973697304725647,0.18037901021227828,301.5930554790279,6.543688491973009,0.195900208570252,57.01879707430806,152,False
rtp_gate_structure_drop_1_8,holdout,gsm8k_dense_0263,424,33.98797190876684,0.03733131187165159,0.1341826456077449,0.6895651445724063,0.1525522370600169,58.36798889272267,43.98589839413125,0.8853343487111678,15.546677410634452,171,False
rtp_gate_structure_drop_1_8,holdout,gsm8k_dense_0264,426,133.37656240776508,0.01891309314636863,0.1284940001082167,0.550717786885798,0.1542715570149616,317.7224861670096,6.559852745066927,0.34519894497058257,59.22445337087115,215,False
rtp_gate_structure_drop_1_8,holdout,gsm8k_dense_0265,430,7.962988716682384,0.017461853045781604,0.06548923650757447,0.3322312008589506,0.1215880846575601,4.660829033126385,3.438793749702657,0.20652134004187542,2.6187740505264903,298,False
rtp_gate_structure_drop_1_8,holdout,gsm8k_dense_0266,431,9.182815081540204,0.025770720767148366,0.08864219509276543,0.5351348415017126,0.17759856986045752,13.53774160897793,12.027283533328726,1.536255221052933,4.157502626825143,156,False
rtp_gate_structure_drop_1_8,holdout,gsm8k_dense_0267,432,39.57031457589707,0.032039407107891424,0.06911216096146926,0.3212326131761074,0.1462373405629332,6.595401391274419,0.5017383611751116,0.9440266817632531,10.562001284061857,188,False
rtp_gate_structure_drop_1_8,holdout,gsm8k_dense_0268,433,19.071369404241544,0.034013047940145306,0.14223534178514127,0.9351377487182613,0.22353666331317468,24.78852211696732,0.0,0.10089308433682831,6.945041822327299,167,False
rtp_gate_structure_drop_1_8,holdout,gsm8k_dense_0269,435,14.782914927331559,0.03705424749730247,0.05257787161333985,0.34912809133529543,0.1863066355632567,20.804825772783758,3.10146279607637,0.5115498334480687,5.621206249345468,92,False
rtp_gate_structure_drop_1_8,holdout,gsm8k_dense_0270,436,33.44205505300751,0.045037743203479405,0.13962046519789165,0.9744272751035157,0.27680024098726397,62.134904935728684,0.1471547585889695,0.0405226102003553,13.543178779368198,93,False
rtp_gate_structure_drop_1_8,holdout,gsm8k_dense_0271,438,5.398336965023546,0.022482335795941395,0.08668973037999768,0.618592232465744,0.15134092879325448,3.7343455351908346,5.705467637483194,0.32292303936143574,2.0714953952692263,273,False
rtp_gate_structure_drop_1_8,holdout,gsm8k_dense_0272,440,59.24708607743139,0.049563903108193204,0.20462838726991195,0.9223490864038459,0.23860226644053167,26.745892611506246,6.8726793436551255,0.46241062661972804,17.515401670780484,182,False
rtp_gate_structure_drop_1_8,holdout,gsm8k_dense_0273,441,6.531125714055324,0.020566465087904977,0.09452194142687598,0.3906247839331627,0.11908897729779437,7.01496298838611,3.5693705647987364,0.6130601329876317,2.48535227139377,188,False
rtp_gate_structure_drop_1_8,holdout,gsm8k_dense_0274,444,10.314127039968826,0.019621033910140757,0.04859836501383923,0.2438570991158485,0.11621573055082968,9.507693625052742,3.0316688996345054,0.3077497560520552,3.562062363998595,144,False
rtp_gate_structure_drop_1_8,holdout,gsm8k_dense_0275,446,159.3703630888941,0.04323450450415342,0.28135031126318133,0.7543197348946703,0.19621721206499387,377.1872014672076,5.350073441420578,1.349801492046889,70.52181706029396,193,False
rtp_gate_structure_drop_1_8,holdout,gsm8k_dense_0276,447,8.868193747759571,0.03097520668486717,0.1698315060627533,0.9266933749429881,0.23320186146009209,13.28064166105619,0.0,0.3677217281466767,3.4875830944504016,154,False
rtp_gate_structure_drop_1_8,holdout,gsm8k_dense_0277,448,54.43513911276203,0.025530712170599153,0.11673453103051469,0.8012576818466179,0.18284212798893018,109.64053298980222,3.361545261446753,0.17080063592838268,22.715515278805327,221,False
rtp_gate_structure_drop_1_8,holdout,gsm8k_dense_0278,449,4.073954314270789,0.023611233313962903,0.0684100308559063,0.2768359393812713,0.14575621031625155,2.889330904175035,0.14998936913075034,0.13004264592597536,1.3329487637589919,146,False
rtp_gate_structure_drop_1_8,holdout,gsm8k_dense_0279,451,4.633679017460262,0.022790919519619868,0.05503964980500295,0.34185722470283475,0.14666682109402565,5.744419031378056,3.8760769920673446,0.7860934607315587,1.9215244437070491,171,False
rtp_gate_structure_drop_1_8,holdout,gsm8k_dense_0280,455,12.163013578285156,0.02281854674160165,0.04248541096241895,0.32332418113946915,0.12011285493204053,8.684114849735717,7.184499832404063,0.7435674976363676,4.19544033679778,227,False
rtp_gate_structure_drop_1_8,holdout,gsm8k_dense_0281,456,55.72623240763373,0.02994590008284238,0.08590081098102915,0.8127669006586073,0.1691914400191989,122.56552635193728,9.31821605674238,0.6765196450182805,24.38688136146404,172,False
rtp_gate_structure_drop_1_8,holdout,gsm8k_dense_0282,457,14.908376372350329,0.03938098649639194,0.09957136139176798,0.8721060156822205,0.2658224420329134,30.724801579595834,1.77083783196689,0.5786377470094253,6.47618804926771,157,False
rtp_gate_structure_drop_1_8,holdout,gsm8k_dense_0283,459,23.88844539226872,0.02432589407151401,0.10991838798462514,0.5633130073547359,0.11781991948056808,12.170771681706764,0.20779790098089174,1.0344333388235576,7.114685673387542,241,False
rtp_gate_structure_drop_1_8,holdout,gsm8k_dense_0284,460,2.7918707037747317,0.016673139936030593,0.1125282784794894,0.5840978711843493,0.15604957848766632,2.5084561014574023,1.921393890746392,0.3295330795802201,1.1309952272676314,203,False
rtp_gate_structure_drop_1_8,holdout,gsm8k_dense_0285,461,31.00254639401374,0.0165751046749595,0.04028605775692861,0.1848023578524588,0.08662584707808366,60.56881879782624,25.970455083051966,0.4076103654889014,13.956378636992397,145,False
rtp_gate_structure_drop_1_8,holdout,gsm8k_dense_0286,462,5.2601746100338715,0.03202726078342979,0.0701126789829535,0.4843047857284545,0.20197799737389704,7.070489180682985,4.700710600166747,0.1282861311625627,2.2299750886030645,99,False
rtp_gate_structure_drop_1_8,holdout,gsm8k_dense_0287,463,4.820110920957455,0.0275975967539283,0.1998240488618307,0.7639776095747948,0.21370359172958656,7.770999921447488,2.2553422940477414,0.8127360445240331,2.1428924557926705,115,False
rtp_gate_structure_drop_1_8,holdout,gsm8k_dense_0288,464,3.5486878158110002,0.02722569098816366,0.09060286356210928,0.651440155506134,0.3017156767402272,7.946397016358521,2.015127239787123,0.2200358834806898,1.7788201575021438,131,False
rtp_gate_structure_drop_1_8,holdout,gsm8k_dense_0289,465,12.003047287798525,0.01835056895869494,0.13515096435053103,0.7656097693368792,0.13066075242274353,16.44388833310603,1.099301482562154,0.27327149400283446,4.533652110194285,199,False
rtp_gate_structure_drop_1_8,holdout,gsm8k_dense_0290,466,22.83580093934183,0.025165813404246798,0.09636908541341241,0.8410126984119415,0.1567556098478473,35.88693577851186,3.2056869266264547,2.3158135884449744,8.993634661956882,257,False
rtp_gate_structure_drop_1_8,holdout,gsm8k_dense_0291,467,440.83920674778835,0.029756708293577617,0.09550839504820487,0.6317526847124095,0.17211429662815395,1274.282376678856,6.1415169661692,0.49927767718755406,212.61109557577132,197,False
rtp_gate_structure_drop_1_8,holdout,gsm8k_dense_0292,469,2.903825022148957,0.023434742402697294,0.08426385058717803,0.5085023224353792,0.19136126976374268,2.4277353161456556,0.0,0.1622881608979725,1.038935913827054,108,False
rtp_gate_structure_drop_1_8,holdout,gsm8k_dense_0293,470,6.7462603004230015,0.024223699285748735,0.1344883301081597,0.602274142205715,0.16185992630370924,9.118999631026405,1.5263821385665761,0.15867216961933295,2.6298116686498516,153,False
rtp_gate_structure_drop_1_8,holdout,gsm8k_dense_0294,472,76.641947422552,0.04633647821619083,0.34963029642673954,1.0310706250369548,0.3014707764342589,224.1921701988781,4.754727480004343,0.9738266716705571,37.61814269435718,159,False
rtp_gate_structure_drop_1_8,holdout,gsm8k_dense_0295,473,6.586385185476884,0.03594327742377657,0.3122929361747566,0.6487294510006901,0.1673612169765817,8.225673974845831,12.406088884147414,1.7034730766586812,3.1604528513408607,159,False
rtp_gate_structure_drop_1_8,holdout,gsm8k_dense_0296,476,15.491862468945738,0.02901440558217736,0.09244606012652641,0.6560903936624527,0.209774391277726,19.449654479019713,2.5190939604724507,1.1649578024715315,5.739971485881406,127,False
rtp_gate_structure_drop_1_8,holdout,gsm8k_dense_0297,477,11.130246836098747,0.05006598759705045,0.180736674121429,0.9774712983518838,0.2788547315701137,20.221406888940937,1.8158023655281736,0.29332166349803934,4.713425791751769,211,False
rtp_gate_structure_drop_1_8,holdout,gsm8k_dense_0298,479,137.63525078272943,0.030541911508155564,0.21430487190699982,1.2510571032762527,0.2284180429776263,255.284115360652,4.774795165809605,0.1861948115013861,55.32587311993177,213,False
rtp_gate_structure_drop_1_8,holdout,gsm8k_dense_0299,480,4.86550797369122,0.013265692653511301,0.05624079493925661,0.46787257492542267,0.11732138206962466,2.9189324194954156,2.927362227999655,0.5569933017609984,1.7112763988171573,199,False
rtp_gate_structure_drop_1_8,holdout,gsm8k_dense_0300,482,4.0464005289251155,0.02640801927193901,0.10583092699578202,0.34191956520080496,0.1703381099019785,3.074769995624243,1.8359557537549291,0.4287724186626619,1.4554802446041062,122,False
rtp_gate_structure_drop_1_8,holdout,gsm8k_dense_0301,483,4.229006311025754,0.020945827662065528,0.03896059046399579,0.32291656285524356,0.14837680977259568,1.946898907308227,34.63256895149708,1.2539041819534829,3.067677608148407,142,False
rtp_gate_structure_drop_1_8,holdout,gsm8k_dense_0302,484,44.03314870293302,0.029406336813432434,0.055324057799152775,0.4079243540763855,0.13725066237951977,10.820151895401464,2.5174885245741976,2.7110398172428076,12.196720814929494,101,False
rtp_gate_structure_drop_1_8,holdout,gsm8k_dense_0303,485,1.9371568581587737,0.010734014587731478,0.046361004830970096,0.32203953191637985,0.12795897011089324,3.1316190845797167,0.09814572952867213,0.42305940088107974,0.8266365039667309,81,False
rtp_gate_structure_drop_1_8,holdout,gsm8k_dense_0304,486,141.00673230780922,0.039435354934835125,0.13847169822336042,0.5259936064481734,0.22410432004536082,362.02660261950325,4.508693115518765,0.2324837781614253,64.5777238850085,145,False
rtp_gate_structure_drop_1_8,holdout,gsm8k_dense_0305,487,22.399586810777254,0.028464115642676775,0.13164390586279331,0.6497639909386632,0.18490094424183015,46.695241354740226,1.263147341056455,0.33580275738970167,9.552930308182026,160,False
rtp_gate_structure_drop_1_8,holdout,gsm8k_dense_0306,488,23.846719077094082,0.022944684974634914,0.06810449339465886,0.3773578703403473,0.1336026303292278,36.799170623798844,93.40832241988304,0.46983372678575375,13.67913255013162,127,False
rtp_gate_structure_drop_1_8,holdout,gsm8k_dense_0307,490,4.028273922204132,0.0283881516262332,0.057728736621860996,0.45125321894884085,0.2173062660923797,4.291066849995392,1.0959906489275606,0.1094893609108114,1.51272072267104,122,False
rtp_gate_structure_drop_1_8,holdout,gsm8k_dense_0308,491,6.584376128468421,0.03281770593846213,0.19011023270428323,0.20267073884606351,0.17736673120891217,6.937381478273566,2.814689931360269,0.7794175734225242,2.4555567558062714,84,False
rtp_gate_structure_drop_1_8,holdout,gsm8k_dense_0309,492,8.705674169617208,0.01684682068379076,0.1022615733987566,0.5718195606023073,0.17097169937664874,9.322620611072912,0.4046880617761648,0.0053727996157064695,3.0639192741244785,126,False
rtp_gate_structure_drop_1_8,holdout,gsm8k_dense_0310,495,6.019605148279786,0.0387406490152693,0.15347339911151403,0.6464580655097959,0.18314444684330652,7.624150581387404,5.254753457184722,0.6458124555301895,2.548680985861658,106,False
rtp_gate_structure_drop_1_8,holdout,gsm8k_dense_0311,498,143.26921412400986,0.021721719032551205,0.15376460777542866,0.6261171765625473,0.12498100491125716,379.2787259596608,1.7131014629728083,0.7913291990959342,66.4103001264555,160,False
rtp_gate_structure_drop_1_8,holdout,gsm8k_dense_0312,499,88.71025998629187,0.038371905411045334,0.18090968000446472,0.925113171339035,0.24394156318507157,200.03213250170253,7.766359269139393,0.1506919044612379,38.77168576333861,201,False
rtp_gate_structure_drop_1_8,holdout,gsm8k_dense_0313,502,14.121676971869825,0.036940896908108214,0.14758962561039962,0.8045746505260456,0.2076203987277446,26.70106972693397,1.6203033353286536,0.4764632040922496,5.936814558788996,122,False
rtp_gate_structure_drop_1_8,holdout,gsm8k_dense_0314,503,61.8239918295973,0.043499126361001804,0.25134843914994087,0.7277412146329876,0.15314093515787564,46.1258791117211,11.488806981266643,0.6243816392264855,19.91549128529761,175,False
rtp_gate_structure_drop_1_8,holdout,gsm8k_dense_0315,504,9.949711648314594,0.047406147943354036,0.1879278931626651,0.7050371076911688,0.3093115989076319,22.947643920323845,6.854169333886276,0.7473578330964796,4.86925122237137,277,False
rtp_gate_structure_drop_1_8,holdout,gsm8k_dense_0316,505,29.612511143376334,0.032647129406463055,0.17713825177791354,0.8846779412124288,0.2794686991176508,58.30613832506507,2.6750156500505895,0.9228326997554442,12.431378724495518,350,False
rtp_gate_structure_drop_1_8,holdout,gsm8k_dense_0317,506,1.7875429565903849,0.01857749679465341,0.0583183726578706,0.13861163854598982,0.16293144031740917,1.3030771120864013,1.9564463324788757,0.12418224643863529,0.7030981097313552,146,False
rtp_gate_structure_drop_1_8,holdout,gsm8k_dense_0318,507,31.93823874274647,0.03701020343925828,0.13974722461646782,1.1446017175912853,0.2312629495375274,40.649030660182184,4.428841843448149,0.4297150633867653,11.697553306113054,141,False
rtp_gate_structure_drop_1_8,holdout,gsm8k_dense_0319,508,23.697726145033528,0.024644619722474333,0.10107979744201577,0.8145043700933454,0.13515026925538712,34.77262825691908,8.792223910899109,0.38507053512099,9.316544497367593,243,False
rtp_gate_structure_drop_1_8,holdout,gsm8k_dense_0320,509,19.921803405846905,0.03414424907150762,0.09181626024146548,0.5722592025995255,0.23416071994153495,53.00106878701839,1.797194091796964,0.6197975461155095,9.464361317110841,240,False
rtp_gate_structure_drop_1_8,holdout,gsm8k_dense_0321,511,8.729035938912938,0.030004117826242016,0.10292094078140643,0.8182301610708239,0.20191498233575825,13.216052907805206,2.34642645523485,0.16218468942628306,3.5271168324115787,109,False
rtp_gate_structure_drop_1_8,holdout,gsm8k_dense_0322,512,5.303877395716719,0.016869013968495133,0.09068122952652492,0.20273879216983898,0.13785050335361768,6.44289518926207,1.6194463459867168,0.7525393007248287,2.01330932950262,95,False
rtp_gate_structure_drop_1_8,holdout,gsm8k_dense_0323,513,5.306040235672175,0.015791611210495396,0.13146671106238944,0.30969313532114,0.11277085788637581,3.5183121378930453,4.5256882683032265,0.4728148007647288,1.9334655881592941,197,False
rtp_gate_structure_drop_1_8,holdout,gsm8k_dense_0324,514,93.11450073860209,0.04472399500903203,0.46990923002059864,0.9884318768978111,0.17273079118115156,156.21161489698244,4.384729178648266,1.0966494732977186,36.28273137853095,182,False
rtp_gate_structure_drop_1_8,holdout,gsm8k_dense_0325,515,7.459121667354917,0.021260714820715006,0.08506193865270038,0.5908978909254072,0.17597862010377632,4.109184614147914,2.4650274765622173,0.11265043798182006,2.444091342432768,156,False
rtp_gate_structure_drop_1_8,holdout,gsm8k_dense_0326,516,2.3047693951947616,0.0225997449494878,0.06625066854533439,0.23326273635029732,0.13359875469053137,2.745300561924932,2.8485829920183603,0.4427927004860037,1.0183120916673487,99,False
rtp_gate_structure_drop_1_8,holdout,gsm8k_dense_0327,517,6.539693959168283,0.01782300967510386,0.04805242921217917,0.21183549882844077,0.1318049293722759,4.869970654340757,1.6495449640698443,0.4242019871057128,2.1793382937118913,86,False
rtp_gate_structure_drop_1_8,holdout,gsm8k_dense_0328,518,8.96550006110511,0.021357575021484138,0.08064809620861818,0.568319782987237,0.14339236367009972,12.840667242021235,14.954591736169226,0.8750806042936764,4.16688998736844,253,False
rtp_gate_structure_drop_1_8,holdout,gsm8k_dense_0329,519,139.626182177273,0.04821287130619557,0.40584392952500625,1.1954586623971406,0.18294192337927553,339.8105428202229,8.436824765007556,1.1414870480353136,62.82605758806924,124,False
rtp_gate_structure_drop_1_8,holdout,gsm8k_dense_0330,521,15.36584927672121,0.030265378251914936,0.14929459018156493,0.7450689613819121,0.14842182500590984,19.98991735130409,5.87380989554879,0.21193831181000103,5.897268217854927,173,False
rtp_gate_structure_drop_1_8,holdout,gsm8k_dense_0331,522,5.417992028180788,0.02286680057284868,0.19574968621019195,0.647387474775314,0.11510382175978284,7.570590480129732,19.33258159233002,1.26417529070781,3.1194383171273063,247,False
rtp_gate_structure_drop_1_8,holdout,gsm8k_dense_0332,524,10.66376625553818,0.030308017861781927,0.1056446590998036,0.7627695791423323,0.19648365546641564,12.563385557053596,7.351597981672154,0.7343216295482025,4.223331117212451,203,False
rtp_gate_structure_drop_1_8,holdout,gsm8k_dense_0333,526,4.1463502606700695,0.015605420727291198,0.055434939478139794,0.3559303343296049,0.14511068878701303,5.287185684525255,7.286866327366424,0.5043006937770314,1.9231025997297158,307,False
rtp_gate_structure_drop_1_8,holdout,gsm8k_dense_0334,533,278.75316930925624,0.05963043674195603,0.24230392144112756,1.6582016497384753,0.2300939308224675,501.6131183150211,2.0371163008069257,0.8379832643751826,110.27153564550383,193,False
rtp_gate_structure_drop_1_8,holdout,gsm8k_dense_0335,535,85.98933398629903,0.04996531746750869,0.37150041985472704,1.3657545924186705,0.2216901133749854,74.87906043039794,171.14705426416353,0.6704514241387578,36.363580121502984,211,False
rtp_gate_structure_drop_1_8,holdout,gsm8k_dense_0336,536,14.006652784962217,0.016051823787073413,0.08306448908169874,0.4436283338814971,0.09755183687637398,7.425255412878877,88.56650876675367,0.5373428741116418,8.637151217986803,105,False
rtp_gate_structure_drop_1_8,holdout,gsm8k_dense_0337,538,2.354332424115995,0.03179293278668911,0.1479416613834309,0.5880841791629786,0.19198882872781445,1.5772911967952317,0.6318338423906326,2.426335953504494,0.9787370188886755,105,False
rtp_gate_structure_drop_1_8,holdout,gsm8k_dense_0338,542,8.39440881436753,0.012434237578867321,0.09170247126910991,0.527901055663824,0.07560456700644053,8.104823846449495,5.801689022109951,2.8044426103572047,3.2519894153324085,324,False
rtp_gate_structure_drop_1_8,holdout,gsm8k_dense_0339,543,3.775995334806766,0.018949582224565636,0.15195659139986334,0.18650267664343112,0.10825362689431202,2.655089596119092,6.13975362190676,0.49172697722107667,1.5480679392717471,155,False
rtp_gate_structure_drop_1_8,holdout,gsm8k_dense_0340,544,424.8433863441166,0.04859123540945657,0.3028989547739973,0.7818111879460033,0.22077654054656806,995.0007014815583,2.828228717249346,1.8131218596660155,186.21836961263926,154,False
rtp_gate_structure_drop_1_8,holdout,gsm8k_dense_0341,545,2.88537293031233,0.027729391583320096,0.05704594690205719,0.33658280074596386,0.1756584422461429,4.110751354226657,2.5749683709135547,1.1089934947274986,1.304912946107808,99,False
rtp_gate_structure_drop_1_8,holdout,gsm8k_dense_0342,547,7.676897962355356,0.01404680912911759,0.06005744947862354,0.8037869706749916,0.2242336972270294,5.544817810478048,2.1974574554330486,0.3041779861507552,2.639378366033752,175,False
rtp_gate_structure_drop_1_8,holdout,gsm8k_dense_0343,548,7.6554792901013125,0.019045522248232482,0.03260695083418927,0.37092817719094445,0.16543980847710685,5.4433980457809135,2.4300165739330324,0.17284059185940848,2.5582585626149914,120,False
rtp_gate_structure_drop_1_8,holdout,gsm8k_dense_0344,551,9.041718813603481,0.018626031411309012,0.06645455255760094,0.5429103069007396,0.12331383519539611,6.617298457153349,12.726762684954856,1.956504452516662,3.611500690413874,233,False
rtp_gate_structure_drop_1_8,holdout,gsm8k_dense_0345,552,12.670046129346,0.02053559805554964,0.1085359100957099,0.7562351616099474,0.14424157344264663,15.08272929254238,0.7634510885073917,0.8020539518624865,4.592220813989872,235,False
rtp_gate_structure_drop_1_8,holdout,gsm8k_dense_0346,553,3.3610862735049487,0.022622166054182952,0.0860394866802552,0.5820045612752434,0.143146734031966,3.350277276461074,3.127727006503888,2.15836084446729,1.4696078050832833,119,False
rtp_gate_structure_drop_1_8,holdout,gsm8k_dense_0347,556,13.15946892342425,0.03702879447273421,0.11055153434798665,0.554921996593475,0.24408542774502218,14.868240485507636,4.848190232296166,0.3467652740908598,4.866501347695929,122,False
rtp_gate_structure_drop_1_8,holdout,gsm8k_dense_0348,557,41.70227560172477,0.07279953357101279,0.30500187358399855,0.8607971251010886,0.29271790200343345,54.22031908872593,11.172416909645783,1.2877610216079978,15.590571269921767,172,False
rtp_gate_structure_drop_1_8,holdout,gsm8k_dense_0349,558,2.8813520144621214,0.012833103119931452,0.061453966646506764,0.21977691780775768,0.07261961583547463,3.919721772317445,0.0,0.08580746270910893,1.089104596722565,142,False
